ID,Gender,Age,Profession,Work_Experience,Spending_Score,Family_Size,Ever_Married
458989,0,36,1,0,1,1,Yes
458994,1,37,2,8,3,4,Yes
458996,0,69,2,0,1,1,Yes
459000,1,59,3,11,5,2,Yes
459001,0,19,4,3,1,4,No
459003,1,47,5,0,5,5,Yes
459005,1,61,5,5,1,3,Yes
459008,0,47,6,1,3,3,Yes
459013,1,50,6,2,3,4,Yes
459014,1,19,2,0,1,4,No
459015,1,22,2,0,1,3,No
459016,0,22,2,0,1,6,No
459024,1,50,6,1,3,5,Yes
459026,1,27,2,8,1,3,No
459032,1,18,5,0,1,3,No
459033,0,61,6,0,1,1,Yes
459036,0,20,7,1,3,3,Yes
459039,1,45,6,1,3,2,Yes
459041,1,55,6,8,1,1,Yes
459045,0,88,7,1,3,4,Yes
459056,1,63,3,3,5,3,Yes
459057,1,69,7,3,5,2,Yes
459058,1,42,6,0,1,4,No
459059,1,79,3,3,5,2,Yes
459061,0,35,2,9,5,3,Yes
459064,1,27,3,5,5,4,Yes
459065,1,52,1,3,1,2,Yes
459074,0,29,2,0,1,4,No
459077,0,79,7,1,5,2,Yes
459079,1,87,7,3,5,2,Yes
459080,1,89,7,1,1,2,Yes
459083,1,63,6,9,3,3,Yes
459090,1,31,6,1,1,2,No
459091,1,72,6,1,3,6,Yes
459093,0,41,5,9,3,2,Yes
459100,0,61,6,11,1,1,No
459106,1,62,6,0,1,2,Yes
459114,1,56,6,1,3,2,Yes
459116,1,60,6,2,3,5,Yes
459117,1,68,6,0,5,2,Yes
459118,1,19,2,3,1,8,No
459119,1,57,3,8,5,3,Yes
459120,1,19,2,5,1,5,No
459121,0,51,6,3,3,6,Yes
459123,0,86,6,1,5,2,Yes
459130,0,74,7,1,5,2,Yes
459132,1,23,8,6,1,2,No
459136,1,47,6,0,3,2,Yes
459140,0,19,2,7,1,6,No
459143,1,50,6,0,5,4,Yes
459144,1,80,7,3,5,2,Yes
459145,1,78,7,3,1,1,Yes
459150,0,48,5,0,1,1,No
459160,1,70,5,1,3,2,Yes
459161,1,50,3,3,5,5,Yes
459162,0,83,7,0,5,2,Yes
459163,1,35,8,0,1,1,No
459167,0,36,6,0,1,2,No
459170,0,35,6,1,1,1,No
459171,1,35,6,0,3,2,Yes
459172,1,18,2,3,1,3,No
459175,0,73,6,1,3,2,Yes
459181,1,62,6,1,5,3,Yes
459182,0,46,6,1,3,2,Yes
459184,1,43,8,0,1,4,Yes
459185,0,32,8,7,1,1,No
459193,1,39,6,0,1,1,No
459194,0,89,7,0,5,2,Yes
459196,0,18,2,0,1,3,No
459208,0,57,6,0,5,2,Yes
459209,0,18,8,0,1,4,No
459210,0,71,6,1,5,2,Yes
459212,0,69,6,0,3,2,Yes
459213,0,42,2,0,1,4,No
459216,0,36,6,0,1,2,No
459220,0,80,7,1,5,2,Yes
459221,1,69,8,3,1,1,Yes
459222,0,67,6,0,3,3,Yes
459223,0,47,5,1,3,4,Yes
459224,0,49,6,0,3,2,Yes
459227,0,32,1,9,1,4,Yes
459229,0,65,7,1,3,4,Yes
459236,0,78,7,0,5,2,Yes
459237,1,33,6,1,1,6,No
459244,1,48,6,1,1,1,Yes
459247,1,58,3,1,3,5,Yes
459258,0,83,7,1,5,2,Yes
459263,0,30,2,9,1,4,No
459264,0,35,6,0,1,2,No
459266,1,32,2,6,1,5,No
459270,1,69,9,1,5,2,Yes
459284,0,71,7,1,5,2,Yes
459287,1,43,7,0,1,1,No
459288,1,37,6,0,1,2,Yes
459289,1,42,5,0,1,1,No
459290,0,70,5,1,3,2,Yes
459292,1,46,6,0,1,2,No
459293,1,21,2,3,1,2,No
459296,1,70,6,0,3,2,Yes
459300,0,61,6,1,1,2,Yes
459307,1,60,8,1,1,1,Yes
459310,1,37,8,0,1,2,No
459316,1,30,2,1,1,2,Yes
459318,0,32,1,1,1,3,No
459320,1,26,3,0,1,3,Yes
459322,1,42,4,0,1,1,No
459323,0,18,5,3,1,2,No
459338,1,80,3,3,1,2,Yes
459339,1,29,2,8,5,2,Yes
459344,0,88,6,1,5,2,Yes
459347,1,70,7,1,1,1,Yes
459349,0,50,6,1,5,4,Yes
459352,1,43,5,4,3,4,Yes
459353,1,51,6,6,3,2,Yes
459354,0,50,6,3,5,3,Yes
459355,0,74,9,3,1,1,Yes
459360,0,29,2,3,1,3,No
459361,0,32,1,3,1,2,No
459362,1,60,3,0,1,2,Yes
459363,1,46,6,2,1,1,No
459364,0,81,4,0,1,2,Yes
459369,1,41,1,3,3,7,Yes
459375,1,22,3,0,5,4,Yes
459377,1,37,6,0,3,3,Yes
459383,1,43,1,0,1,1,Yes
459384,1,50,6,1,3,3,Yes
459385,0,35,6,1,3,2,Yes
459386,1,65,7,1,5,2,Yes
459391,0,41,1,0,1,4,No
459394,1,28,8,8,1,2,No
459397,1,55,6,4,3,2,Yes
459398,0,58,7,3,5,2,Yes
459401,1,28,2,1,1,3,No
459403,1,48,6,3,3,4,Yes
459405,0,78,5,1,5,2,Yes
459407,0,35,5,1,1,3,No
459409,0,76,7,0,5,2,Yes
459410,0,88,7,1,5,2,Yes
459412,1,61,6,1,3,3,Yes
459413,0,79,6,3,5,2,Yes
459415,1,30,5,0,1,4,No
459418,1,69,3,0,5,2,Yes
459419,1,65,5,1,3,2,Yes
459420,0,70,7,1,1,2,Yes
459421,1,32,2,0,3,4,Yes
459422,1,46,8,3,1,4,Yes
459423,1,21,2,8,1,5,No
459424,1,47,5,3,1,3,Yes
459428,0,39,4,0,1,2,No
459432,1,85,7,0,1,3,Yes
459436,0,66,6,0,1,2,No
459439,0,50,6,1,3,2,Yes
459445,0,42,6,0,3,3,Yes
459447,1,53,6,9,1,1,Yes
459449,1,37,6,3,1,2,Yes
459451,0,45,6,1,1,2,Yes
459456,0,66,7,3,1,1,No
459458,1,33,4,3,1,2,No
459459,1,40,6,4,1,1,Yes
459461,0,35,6,1,1,1,Yes
459464,1,27,6,3,1,2,No
459466,0,48,6,0,3,3,Yes
459467,0,56,6,0,3,2,Yes
459469,1,25,2,3,1,6,Yes
459471,0,30,6,3,1,8,No
459480,0,46,8,7,1,3,Yes
459481,1,49,7,0,1,2,Yes
459482,1,72,4,1,1,4,Yes
459485,0,79,7,3,5,2,Yes
459496,0,35,6,3,1,3,No
459497,0,77,7,0,1,1,Yes
459499,0,79,7,3,5,2,Yes
459503,1,42,2,6,5,4,Yes
459505,0,42,1,3,1,1,No
459507,1,67,7,3,5,2,Yes
459509,1,26,2,1,1,1,No
459512,1,67,7,1,5,2,Yes
459515,1,55,1,1,1,1,Yes
459516,0,56,6,3,3,2,No
459518,1,63,2,3,3,4,Yes
459535,1,46,6,8,3,2,Yes
459536,1,32,2,7,1,2,Yes
459538,0,49,9,13,1,1,No
459541,1,59,6,1,5,2,Yes
459549,1,22,2,8,1,5,No
459555,0,28,6,8,1,1,No
459558,1,28,8,1,1,3,No
459564,1,75,7,2,1,1,Yes
459566,0,37,6,13,1,2,Yes
459567,1,50,5,0,3,2,Yes
459571,0,50,3,1,5,4,Yes
459576,0,88,7,3,1,2,Yes
459579,0,35,6,3,3,5,Yes
459581,0,35,6,3,1,2,No
459582,1,31,8,3,3,3,Yes
459583,1,46,6,0,1,1,Yes
459585,0,50,6,1,3,4,Yes
459587,0,33,6,7,1,3,No
459588,1,49,6,0,1,1,Yes
459591,1,52,6,1,3,3,Yes
459592,1,25,2,0,1,3,No
459594,0,41,6,6,1,1,Yes
459597,0,68,6,0,5,2,Yes
459603,0,79,7,2,5,2,Yes
459607,1,40,8,5,3,5,Yes
459608,0,62,5,3,1,1,No
459612,1,21,2,3,1,2,No
459616,0,20,2,3,1,4,No
459617,1,28,8,1,1,5,No
459618,1,57,5,0,3,2,Yes
459621,0,25,2,8,1,2,No
459625,0,63,1,8,1,1,Yes
459626,0,26,8,1,1,3,Yes
459632,0,50,4,0,5,3,Yes
459644,0,30,4,9,1,4,No
459652,0,26,1,3,1,4,No
459658,1,61,6,1,3,3,Yes
459664,1,42,6,3,1,1,No
459665,1,88,6,4,1,2,Yes
459672,1,45,6,3,3,3,Yes
459673,0,86,7,1,1,1,Yes
459678,1,18,2,1,1,5,No
459680,1,37,8,3,1,1,No
459686,1,46,6,1,1,1,Yes
459691,1,58,6,3,3,2,Yes
459692,0,72,7,8,5,2,Yes
459693,0,50,6,0,5,3,Yes
459699,0,56,1,8,3,3,No
459701,1,46,6,3,1,3,No
459710,1,57,6,3,1,1,Yes
459711,1,42,3,9,5,6,Yes
459712,1,20,2,3,1,4,No
459713,1,19,2,3,1,3,No
459715,1,19,2,4,1,4,No
459718,1,68,3,1,1,1,Yes
459725,0,40,6,0,1,2,Yes
459727,1,82,7,3,5,2,Yes
459740,0,23,2,1,1,3,No
459742,0,84,7,1,5,2,Yes
459745,1,51,6,0,1,4,Yes
459746,1,59,6,1,3,2,No
459747,0,41,6,1,3,5,Yes
459748,1,51,3,1,5,2,Yes
459755,0,62,6,3,3,3,Yes
459756,0,62,7,1,5,4,Yes
459760,0,38,6,8,1,1,Yes
459763,1,18,6,3,1,4,No
459767,1,22,2,3,1,4,No
459771,0,30,5,0,1,3,No
459779,0,62,8,1,1,1,Yes
459780,0,43,8,1,1,3,No
459785,0,32,1,3,1,1,No
459793,1,37,6,1,5,2,Yes
459795,1,48,6,1,1,1,No
459801,0,31,1,4,1,2,No
459804,1,46,6,4,5,4,Yes
459806,0,49,1,1,3,4,Yes
459808,1,43,5,3,3,4,Yes
459815,1,42,6,8,1,1,No
459816,1,37,5,3,1,2,Yes
459819,1,72,8,3,5,2,Yes
459821,1,71,3,3,5,1,No
459822,0,39,1,1,1,1,No
459825,1,20,2,0,1,5,No
459827,0,26,8,3,1,1,No
459832,1,72,3,1,1,1,Yes
459845,1,70,2,0,1,1,Yes
459851,1,45,6,2,1,1,No
459853,1,33,3,7,1,5,No
459856,1,50,8,0,3,3,Yes
459857,1,31,8,6,1,1,No
459861,0,74,7,1,5,2,Yes
459864,0,68,6,3,5,2,Yes
459866,0,49,6,3,1,1,No
459867,1,49,4,0,5,2,Yes
459869,0,18,2,1,1,3,No
459871,0,85,8,2,3,2,Yes
459885,0,38,8,3,1,4,No
459886,1,28,6,0,1,4,Yes
459887,1,46,6,3,3,2,Yes
459889,1,59,9,9,3,3,Yes
459897,0,56,6,0,1,2,Yes
459909,1,69,6,0,1,1,Yes
459910,1,66,6,0,1,2,Yes
459911,1,18,2,4,1,6,No
459914,1,36,6,4,1,1,No
459923,1,31,4,1,1,2,No
459925,1,67,3,1,5,2,Yes
459937,0,39,6,7,1,1,No
459943,1,42,8,4,1,3,No
459945,1,50,6,0,1,2,Yes
459946,0,37,6,0,3,2,Yes
459949,0,59,6,0,1,1,No
459953,1,50,6,8,1,2,Yes
459961,1,48,6,8,1,3,Yes
459962,1,55,6,9,1,1,Yes
459966,0,33,5,1,1,3,No
459968,1,38,6,13,1,1,No
459970,1,43,6,0,1,2,No
459973,0,53,6,0,1,2,No
459974,1,37,8,0,1,1,No
459975,0,36,6,5,1,1,No
459981,1,36,6,5,1,1,No
459986,1,62,6,1,1,1,Yes
459995,0,38,6,2,1,2,No
459996,1,55,8,1,1,1,No
459998,1,60,8,1,3,2,Yes
460004,0,36,8,7,3,2,Yes
460006,1,30,8,5,1,9,No
460014,0,66,8,4,1,3,No
460023,1,45,8,1,1,1,Yes
460027,0,40,8,6,1,2,No
460033,0,45,8,5,1,3,No
460036,1,41,8,2,1,1,Yes
460040,0,62,9,4,1,1,Yes
460045,1,61,6,1,1,2,Yes
460046,0,50,6,4,1,2,Yes
460050,1,53,8,3,1,2,Yes
460051,1,39,6,7,1,1,No
460052,0,86,7,0,1,1,No
460058,1,50,6,1,1,1,Yes
460059,0,46,8,4,1,2,No
460061,1,52,4,0,1,1,No
460066,0,45,4,0,1,1,No
460068,0,37,6,9,1,1,No
460073,0,36,1,3,1,1,Yes
460075,0,25,6,3,1,1,No
460079,0,40,5,1,1,1,No
460081,1,41,6,11,5,2,Yes
460088,0,25,9,3,5,2,Yes
460090,1,80,7,4,3,2,Yes
460093,0,46,6,3,1,1,No
460095,0,81,7,1,1,1,Yes
460097,1,40,6,0,1,2,No
460099,1,49,6,1,1,1,No
460101,0,26,2,8,1,3,No
460103,1,26,6,1,1,1,No
460105,0,47,6,0,1,1,No
460106,0,71,8,0,1,2,Yes
460107,1,48,1,1,3,5,Yes
460108,1,39,6,1,3,3,Yes
460109,1,50,6,8,3,2,Yes
460110,0,46,6,1,1,2,No
460112,1,26,1,8,3,2,Yes
460116,0,42,1,1,1,2,Yes
460118,0,36,6,4,1,2,Yes
460119,1,29,2,1,1,4,No
460122,0,39,6,1,1,1,No
460124,0,41,6,0,1,3,No
460126,0,48,4,8,1,2,Yes
460134,1,40,8,9,5,3,Yes
460135,0,25,2,4,1,3,No
460140,0,41,6,7,1,2,Yes
460141,1,37,6,11,1,1,No
460144,0,53,5,0,1,2,No
460146,0,51,1,0,3,3,Yes
460147,1,73,8,1,3,3,Yes
460157,1,61,1,1,1,5,Yes
460160,1,39,8,5,1,1,No
460162,0,19,2,0,1,4,No
460166,0,19,2,0,1,7,No
460167,0,23,8,1,1,5,No
460168,1,83,3,0,5,2,Yes
460171,0,62,6,1,5,2,Yes
460174,0,43,6,9,1,4,No
460175,0,27,6,0,1,5,No
460177,1,50,6,0,1,1,No
460179,0,23,8,0,1,6,No
460183,1,35,8,9,1,2,No
460185,1,32,2,9,1,3,No
460187,0,42,5,2,1,3,No
460189,1,33,8,13,1,1,No
460190,0,28,1,9,1,3,No
460192,1,35,1,1,1,2,Yes
460196,0,35,2,9,1,2,No
460206,0,39,8,0,1,2,Yes
460211,1,28,6,6,1,1,Yes
460212,1,35,8,11,1,6,Yes
460214,0,45,1,0,3,2,Yes
460222,0,73,7,4,5,2,No
460223,1,52,8,1,1,1,No
460227,1,28,2,0,1,3,No
460242,1,38,2,9,1,3,Yes
460243,0,42,8,8,1,1,No
460247,0,26,5,9,1,2,No
460248,0,27,2,7,1,2,No
460252,1,41,6,0,1,2,Yes
460263,1,41,6,1,1,2,Yes
460265,1,47,3,0,5,4,Yes
460270,1,35,5,8,1,1,No
460272,0,88,7,0,1,1,No
460275,0,46,6,6,1,1,No
460276,0,41,6,3,1,2,Yes
460281,0,30,5,10,1,5,No
460283,1,43,5,12,1,2,Yes
460284,0,29,8,9,1,2,No
460287,1,48,6,1,1,1,Yes
460289,0,61,6,4,3,6,Yes
460298,0,51,7,2,1,1,No
460303,0,38,6,2,1,1,No
460305,0,49,8,0,5,1,No
460306,0,43,2,9,1,1,No
460310,1,27,2,14,1,4,No
460315,0,35,5,14,1,6,No
460319,0,39,5,4,3,2,Yes
460322,0,52,1,9,1,2,Yes
460323,0,38,1,10,1,1,No
460324,0,30,8,12,1,2,No
460327,0,43,6,10,1,1,No
460333,0,42,8,10,1,4,No
460336,0,46,6,2,1,1,No
460340,0,47,6,11,1,2,No
460341,0,32,8,13,1,5,No
460344,0,53,6,11,3,2,Yes
460346,0,43,6,12,3,2,Yes
460348,0,39,6,0,1,2,No
460349,1,42,6,3,3,2,No
460354,0,37,6,3,1,1,No
460356,1,19,2,0,1,4,No
460358,1,30,4,1,1,1,No
460361,0,49,6,0,1,1,Yes
460362,1,55,2,0,1,3,Yes
460365,0,59,5,1,1,2,Yes
460369,0,46,6,3,1,2,Yes
460370,0,27,3,9,5,2,Yes
460371,0,25,6,1,1,2,No
460378,0,37,5,1,1,1,No
460379,1,38,6,9,1,3,No
460380,1,29,8,9,1,3,No
460381,1,28,6,11,1,2,No
460384,0,27,4,8,1,2,Yes
460387,0,42,8,3,1,2,No
460388,0,43,6,14,1,2,No
460389,0,40,2,8,3,2,Yes
460390,1,41,6,9,1,3,No
460392,1,46,8,8,1,1,Yes
460394,0,32,2,9,1,3,No
460397,0,56,8,1,1,1,No
460399,1,28,4,12,1,1,No
460401,0,25,6,0,1,3,No
460404,1,42,6,6,1,7,Yes
460405,0,41,8,5,1,2,No
460406,1,36,2,3,1,2,Yes
460408,0,42,6,2,1,1,No
460409,0,42,6,8,1,4,No
460415,0,55,8,1,1,2,No
460422,1,52,8,1,5,2,Yes
460431,0,47,1,1,1,1,No
460434,1,57,6,2,5,3,No
460437,0,26,6,8,1,1,No
460440,0,28,6,5,1,2,No
460443,0,37,5,0,1,1,No
460447,1,89,7,0,1,1,No
460449,1,25,4,2,1,1,No
460450,1,50,3,1,5,4,Yes
460453,0,42,5,5,1,1,No
460454,1,48,6,3,1,1,No
460457,0,37,8,9,1,2,No
460459,0,30,1,1,1,5,No
460460,1,26,8,2,1,4,Yes
460467,0,47,6,3,3,2,Yes
460470,1,36,2,3,1,4,No
460476,1,53,5,3,3,4,Yes
460477,1,30,8,1,1,6,No
460484,0,20,2,4,1,7,No
460485,0,19,4,8,1,5,No
460489,1,19,2,9,1,6,No
460492,0,37,4,12,1,2,No
460495,1,20,2,0,1,6,No
460504,1,39,3,3,3,3,No
460505,0,26,1,1,1,3,No
460507,1,31,5,0,1,4,No
460508,1,31,2,2,5,3,Yes
460518,0,41,1,9,3,3,Yes
460522,0,32,9,3,3,2,Yes
460541,0,42,9,0,3,3,Yes
460542,0,89,7,1,1,2,Yes
460545,1,78,7,1,5,3,Yes
460546,0,65,7,1,1,2,Yes
460547,0,48,9,0,3,2,Yes
460549,1,36,6,8,1,2,No
460550,0,55,6,0,3,4,Yes
460551,1,52,1,0,3,2,Yes
460555,1,52,9,7,3,3,Yes
460556,0,41,9,1,1,1,Yes
460558,0,36,1,3,1,1,Yes
460561,0,37,1,7,1,1,No
460563,0,40,2,1,1,2,No
460566,1,38,9,3,3,2,Yes
460571,1,25,5,0,1,3,No
460572,0,33,1,1,1,4,No
460574,1,26,6,1,1,1,No
460582,0,28,8,0,1,1,No
460583,1,18,4,0,1,6,No
460585,1,52,8,0,1,3,No
460586,1,26,2,0,1,2,No
460588,1,18,2,0,1,4,No
460597,0,20,4,1,1,2,No
460598,0,36,5,0,3,3,Yes
460605,1,27,5,8,3,2,Yes
460606,1,21,2,3,1,5,No
460612,1,27,8,8,1,4,No
460615,0,28,2,3,1,2,No
460618,1,63,7,3,1,4,Yes
460619,1,48,8,3,1,2,No
460621,1,80,7,1,1,2,Yes
460622,0,71,7,7,5,3,Yes
460626,1,47,5,8,5,4,Yes
460627,0,22,9,1,1,4,No
460633,1,35,2,3,5,2,Yes
460634,0,40,8,3,1,6,No
460637,0,18,2,3,1,2,No
460638,0,26,6,0,1,4,No
460639,0,73,7,3,1,5,Yes
460640,1,86,7,3,1,1,Yes
460645,0,37,5,1,1,2,No
460646,1,59,8,3,1,2,Yes
460653,0,28,9,8,1,1,No
460656,0,29,6,9,1,3,Yes
460658,0,37,4,7,3,3,Yes
460659,0,46,4,3,3,3,Yes
460660,1,39,8,6,1,1,No
460661,0,33,9,8,1,1,No
460668,0,32,5,3,1,2,No
460678,0,32,5,6,1,2,No
460686,0,25,9,8,1,1,No
460687,0,48,9,9,3,2,Yes
460691,0,27,9,8,1,1,No
460702,0,49,6,1,1,1,No
460703,0,33,1,8,3,5,Yes
460706,0,33,1,7,1,6,No
460708,1,39,6,0,1,3,Yes
460716,1,50,8,0,3,4,Yes
460719,0,84,7,0,1,2,Yes
460720,0,46,6,0,3,2,Yes
460722,1,31,8,0,3,3,Yes
460726,1,57,6,3,3,2,Yes
460727,1,73,3,1,5,4,Yes
460729,1,36,8,9,1,4,Yes
460733,1,53,4,2,1,4,No
460734,1,41,8,9,3,2,Yes
460738,0,53,1,0,1,2,No
460740,1,35,6,2,3,3,Yes
460743,1,62,6,0,3,3,Yes
460746,1,23,4,0,1,3,No
460763,1,51,6,1,1,2,No
460769,0,83,7,1,5,2,Yes
460780,0,26,2,0,1,2,No
460783,1,86,7,1,1,1,Yes
460785,1,26,2,0,1,4,No
460789,1,42,3,0,1,3,Yes
460794,0,41,9,9,1,1,Yes
460796,1,67,7,0,1,3,Yes
460802,1,68,7,1,5,2,Yes
460811,0,45,1,0,5,2,Yes
460813,0,86,7,0,5,2,Yes
460815,1,62,6,0,5,2,Yes
460822,1,42,6,1,1,2,Yes
460825,1,26,5,0,1,3,No
460828,1,48,8,1,1,1,No
460830,1,40,8,3,3,5,Yes
460831,1,20,2,0,1,4,No
460837,0,25,6,1,1,1,No
460838,1,37,6,1,1,2,No
460840,1,77,7,1,1,1,Yes
460844,1,50,2,3,1,2,Yes
460846,0,22,4,0,1,4,No
460847,1,26,6,1,1,3,No
460851,1,71,5,0,3,3,Yes
460855,1,50,6,3,1,2,Yes
460857,1,29,8,1,1,1,No
460859,1,51,8,3,1,4,Yes
460860,1,52,6,6,3,4,Yes
460861,1,20,2,1,1,3,No
460866,1,26,5,0,1,9,No
460870,1,37,2,3,1,2,No
460871,0,33,2,3,1,2,No
460872,0,39,6,0,1,2,Yes
460877,0,53,6,1,3,5,Yes
460878,1,49,8,0,3,4,Yes
460882,1,21,2,0,1,2,No
460888,1,39,9,8,1,1,Yes
460891,0,38,6,2,3,4,Yes
460897,1,22,2,4,1,4,No
460898,1,52,6,2,3,4,Yes
460899,1,40,8,3,1,3,No
460901,1,20,5,8,1,3,No
460902,1,41,3,1,1,3,No
460905,1,30,6,1,1,1,No
460906,0,89,7,1,5,3,Yes
460907,1,83,7,1,5,3,Yes
460923,1,53,6,0,3,3,Yes
460924,1,31,5,1,1,5,No
460928,1,48,6,1,3,4,Yes
460934,0,29,5,0,1,2,No
460935,1,87,7,0,1,1,Yes
460945,1,19,1,4,1,7,No
460953,1,60,8,1,1,2,Yes
460961,1,23,2,1,1,2,No
460962,1,61,3,9,5,4,Yes
460963,0,27,6,1,1,3,No
460968,1,32,5,14,3,2,Yes
460975,1,79,7,0,5,2,Yes
460976,1,19,2,1,1,4,No
460977,1,42,3,0,5,3,Yes
460979,1,76,7,1,1,1,Yes
460981,0,41,4,1,3,2,Yes
460984,1,38,8,0,3,4,Yes
460988,1,43,8,0,3,3,Yes
460989,1,19,2,1,1,3,No
460991,0,28,2,1,1,3,No
460993,1,56,6,0,3,4,Yes
460999,1,28,1,0,1,3,No
461000,1,60,4,1,5,2,Yes
461001,0,55,6,0,1,2,No
461015,1,35,8,1,3,2,Yes
461016,1,25,2,5,1,5,No
461022,1,71,6,1,1,1,Yes
461023,1,65,7,3,5,2,Yes
461024,1,74,7,1,1,1,Yes
461028,0,20,2,5,1,4,No
461029,1,43,8,9,1,2,Yes
461034,0,20,4,3,1,6,No
461037,1,40,2,3,5,5,Yes
461038,0,46,1,0,5,5,Yes
461041,0,65,7,1,5,7,Yes
461042,1,21,2,0,1,2,No
461043,1,50,2,1,1,7,Yes
461044,1,18,2,0,1,5,No
461049,0,61,5,1,1,7,Yes
461050,1,49,2,1,5,3,Yes
461053,1,39,3,3,5,4,Yes
461059,0,52,7,1,5,2,Yes
461060,1,56,3,0,5,5,Yes
461065,1,55,3,3,1,6,Yes
461071,1,42,1,1,3,5,Yes
461078,0,33,9,0,1,6,No
461082,1,19,2,8,1,4,No
461085,0,27,1,1,1,1,No
461093,0,38,6,1,3,4,Yes
461099,0,38,6,1,1,4,No
461111,0,43,5,8,1,1,Yes
461114,1,53,6,1,3,4,Yes
461116,1,33,3,4,5,4,Yes
461118,0,30,2,7,1,2,No
461119,0,22,2,6,1,3,No
461121,1,33,5,0,1,4,No
461124,1,21,2,1,1,8,No
461127,1,20,2,1,1,5,No
461128,1,19,2,7,1,3,No
461129,0,58,8,1,3,4,Yes
461131,1,67,6,1,5,2,Yes
461145,0,36,8,1,1,2,Yes
461152,0,30,9,8,1,2,No
461154,1,23,9,1,1,4,No
461158,0,42,8,1,1,2,No
461162,0,37,4,8,1,3,No
461163,0,58,8,9,1,4,Yes
461168,0,26,1,7,3,2,Yes
461169,1,39,8,9,1,2,No
461174,0,23,4,3,1,4,No
461177,1,41,3,8,3,4,Yes
461178,1,26,8,0,1,3,Yes
461179,0,25,1,3,1,3,Yes
461181,1,19,2,3,1,4,No
461183,1,36,3,0,1,5,No
461187,1,29,2,9,1,4,No
461197,1,26,4,1,1,1,No
461198,0,78,7,3,1,1,No
461201,0,55,6,3,1,1,No
461205,1,26,2,3,1,3,No
461211,0,46,8,0,1,1,No
461214,1,29,2,0,1,4,No
461215,0,36,6,10,1,1,No
461218,1,27,3,1,1,6,Yes
461220,0,29,3,8,1,3,No
461221,0,25,4,1,1,4,No
461225,0,30,4,10,1,6,No
461226,1,45,2,1,1,2,Yes
461230,0,21,3,0,1,2,No
461232,0,41,3,3,5,2,Yes
461233,1,38,8,3,1,2,Yes
461236,0,28,2,9,1,1,No
461237,1,33,5,1,1,5,No
461241,1,31,2,7,1,2,Yes
461242,1,45,2,0,1,2,Yes
461243,1,47,4,0,1,5,Yes
461248,0,39,2,0,1,1,No
461251,0,47,4,1,1,2,No
461252,0,53,5,0,1,1,Yes
461256,1,27,5,1,1,4,No
461257,1,37,1,1,3,2,Yes
461258,0,62,6,1,3,3,Yes
461262,0,29,1,0,1,7,No
461263,0,51,6,0,1,1,Yes
461265,1,30,4,1,1,6,No
461269,1,18,8,0,1,4,No
461274,0,87,7,3,5,2,Yes
461276,1,68,4,0,1,2,Yes
461277,1,84,7,5,1,1,Yes
461281,1,22,2,2,1,9,No
461286,0,22,5,2,1,4,No
461289,1,21,2,1,1,3,No
461292,0,89,7,3,5,2,Yes
461297,1,73,7,0,5,2,Yes
461299,0,75,7,0,5,2,Yes
461303,0,20,5,6,1,4,No
461308,1,22,2,1,1,2,No
461309,0,22,2,0,1,4,No
461313,1,63,6,0,3,2,Yes
461314,1,46,6,1,3,3,Yes
461319,1,58,6,0,3,2,Yes
461320,0,41,6,1,1,3,No
461322,1,42,6,0,3,2,Yes
461323,0,43,2,6,3,2,Yes
461324,0,49,6,3,1,1,No
461326,0,40,6,0,1,1,No
461335,1,53,3,8,5,2,Yes
461340,1,36,6,4,3,2,Yes
461346,1,50,6,8,1,2,Yes
461348,1,42,2,1,1,1,Yes
461350,1,30,2,0,1,4,No
461352,1,29,2,2,1,5,No
461356,1,28,8,1,1,2,No
461357,1,27,2,1,1,4,No
461363,1,49,6,0,1,1,No
461366,1,32,2,1,1,1,No
461370,1,25,5,1,1,3,No
461377,0,63,6,3,1,1,Yes
461378,0,42,6,8,1,1,No
461379,1,31,2,1,1,2,No
461383,1,71,6,0,5,2,Yes
461388,1,20,2,3,1,5,No
461397,1,22,2,1,1,4,No
461402,0,29,8,1,1,5,No
461408,1,47,4,0,1,3,Yes
461421,1,43,6,3,3,3,Yes
461423,1,32,6,1,1,3,No
461426,1,47,6,7,3,2,Yes
461428,1,46,6,0,1,1,No
461432,0,41,6,1,3,2,Yes
461437,1,37,8,0,3,2,Yes
461439,1,40,6,0,3,2,Yes
461441,1,60,6,0,3,4,Yes
461442,1,46,6,0,3,6,Yes
461454,0,36,6,6,5,4,Yes
461456,0,38,4,0,1,1,No
461457,0,32,5,0,1,5,Yes
461458,0,41,6,5,1,1,No
461462,1,56,4,0,1,3,Yes
461465,1,31,6,8,3,2,Yes
461466,1,45,6,0,1,2,Yes
461468,1,69,8,3,3,3,Yes
461469,1,37,6,0,1,2,Yes
461476,1,47,6,1,3,4,Yes
461479,0,52,6,1,3,3,Yes
461480,0,57,6,1,5,3,Yes
461482,0,50,6,9,1,1,No
461494,1,27,1,0,3,2,Yes
461501,0,45,1,1,5,3,Yes
461503,0,30,6,8,1,2,No
461510,1,45,6,0,1,2,Yes
461514,1,30,2,1,1,4,No
461516,1,31,8,1,3,3,Yes
461518,0,45,6,1,3,4,Yes
461521,1,67,6,0,5,2,Yes
461522,1,76,3,1,5,2,Yes
461525,1,69,8,0,1,2,Yes
461526,1,83,8,0,1,2,Yes
461530,1,38,1,0,1,2,Yes
461534,1,36,6,0,1,1,Yes
461540,1,41,2,2,1,2,No
461546,0,69,7,0,1,3,Yes
461548,0,33,1,0,1,3,No
461553,1,38,6,1,1,3,No
461556,0,48,1,1,3,2,Yes
461558,1,51,1,2,3,2,Yes
461564,1,56,3,1,5,2,Yes
461570,1,57,6,0,3,3,Yes
461574,0,49,6,1,3,3,Yes
461587,1,30,2,0,1,3,No
461593,0,40,5,8,3,2,Yes
461602,0,30,6,0,1,2,No
461604,1,38,8,0,3,2,Yes
461612,0,31,2,8,1,5,No
461615,1,33,5,0,1,2,No
461617,1,50,6,0,1,2,No
461619,1,52,3,3,5,3,Yes
461624,0,39,6,0,3,2,Yes
461626,1,73,3,0,5,2,Yes
461630,1,46,6,0,3,3,Yes
461637,1,50,6,0,1,2,Yes
461644,1,30,2,0,1,6,No
461653,0,60,5,0,3,2,Yes
461655,0,39,9,9,3,2,Yes
461658,0,59,6,1,3,2,Yes
461659,0,51,6,0,3,2,Yes
461661,0,40,6,5,3,2,Yes
461663,1,23,2,1,1,3,No
461668,1,53,6,4,3,4,Yes
461671,1,32,2,7,1,5,No
461674,1,52,3,0,5,4,Yes
461676,0,31,1,0,1,1,No
461679,1,30,2,3,1,4,No
461681,1,25,2,8,1,3,No
461683,1,40,3,1,5,4,Yes
461685,0,27,2,4,1,4,No
461686,1,61,6,0,1,2,Yes
461690,0,33,1,1,1,1,No
461694,1,28,5,1,1,4,No
461695,0,48,6,2,3,2,Yes
461698,0,73,6,0,5,2,Yes
461701,1,36,6,0,3,2,Yes
461705,0,32,2,0,1,4,No
461708,1,82,7,0,5,2,Yes
461709,1,28,6,1,1,3,No
461711,0,42,6,8,1,3,No
461716,0,60,7,6,5,9,Yes
461720,0,46,6,1,1,1,No
461722,1,31,5,0,1,3,No
461724,0,50,6,1,1,1,Yes
461725,0,30,1,3,1,1,No
461727,0,49,6,1,1,3,No
461737,0,51,5,0,3,6,Yes
461738,0,46,5,3,3,3,Yes
461744,1,53,6,0,3,4,Yes
461747,1,65,6,0,5,2,Yes
461749,0,22,2,0,1,5,No
461752,1,65,5,1,3,3,Yes
461756,0,39,1,0,3,2,Yes
461760,1,84,6,0,5,2,Yes
461769,1,37,6,0,1,1,No
461771,1,28,5,8,3,2,Yes
461775,0,82,7,0,5,2,Yes
461778,0,87,7,0,5,2,Yes
461780,0,69,7,1,1,5,No
461782,0,51,6,3,5,5,Yes
461784,0,74,7,1,1,1,Yes
461788,0,79,7,1,5,2,Yes
461791,0,21,7,9,1,1,No
461792,0,20,2,5,1,5,No
461800,0,43,5,3,1,1,No
461801,0,25,2,1,1,3,No
461802,1,43,6,0,1,4,No
461804,0,42,6,1,1,1,No
461807,1,25,5,10,1,4,No
461815,1,59,6,0,1,1,Yes
461816,0,49,4,0,1,5,No
461821,0,32,5,1,1,4,No
461822,1,36,6,8,5,2,Yes
461824,1,45,4,9,1,3,Yes
461832,1,29,2,3,1,3,No
461837,1,37,6,0,1,2,Yes
461845,0,48,5,1,3,4,Yes
461846,0,65,6,0,1,2,No
461848,1,39,4,1,1,2,No
461858,1,25,8,1,1,7,No
461859,0,49,6,5,1,5,Yes
461860,0,77,7,1,5,2,Yes
461862,0,38,6,9,1,1,No
461864,1,19,4,0,1,6,No
461872,0,76,7,1,5,2,Yes
461873,1,28,5,0,1,4,No
461874,1,51,5,1,3,3,Yes
461882,0,28,5,0,1,5,No
461892,0,42,2,0,1,1,No
461896,1,45,6,1,1,1,Yes
461898,1,63,3,6,5,3,Yes
461899,0,18,5,0,1,6,No
461901,1,26,6,7,1,4,No
461910,1,31,6,3,3,2,Yes
461913,1,43,8,5,1,4,No
461914,0,60,6,7,1,2,Yes
461921,0,36,6,0,1,1,No
461927,1,32,2,1,1,4,No
461928,1,68,7,3,1,1,Yes
461929,1,60,8,1,1,1,Yes
461930,0,42,6,0,1,1,No
461931,0,18,2,6,1,5,No
461936,1,69,7,0,5,2,Yes
461937,0,42,5,0,1,2,No
461941,0,70,6,1,1,1,Yes
461943,1,25,2,1,1,3,No
461962,1,56,8,1,3,3,Yes
461963,0,40,6,9,1,1,No
461965,1,23,2,1,1,6,No
461967,0,20,4,3,1,4,No
461968,0,39,8,2,1,1,No
461978,0,19,2,0,1,4,No
461985,1,28,8,3,1,2,No
461988,1,40,1,1,3,2,Yes
461989,0,60,1,1,3,4,No
461993,1,33,2,3,1,4,No
461994,1,20,5,14,1,2,Yes
461996,0,35,6,7,1,4,No
461999,1,27,5,0,1,5,No
462007,0,42,6,1,3,2,Yes
462011,1,30,4,0,1,4,Yes
462013,0,56,3,0,3,2,Yes
462015,1,28,8,0,3,2,Yes
462016,0,38,6,6,3,2,Yes
462017,1,26,8,9,1,1,No
462027,1,36,1,0,1,1,No
462029,1,56,8,0,1,1,No
462033,1,26,8,0,1,1,No
462038,1,28,6,4,1,4,No
462043,1,32,2,0,1,5,No
462044,0,52,6,4,1,1,No
462048,0,23,2,0,1,4,No
462051,1,23,2,3,1,5,No
462052,1,50,6,0,1,2,Yes
462053,1,26,6,3,1,2,Yes
462058,1,40,8,8,1,2,Yes
462060,0,53,6,1,3,2,Yes
462064,1,63,6,0,3,3,Yes
462068,1,62,3,0,5,3,Yes
462075,0,38,6,1,1,1,No
462078,0,57,6,1,3,2,Yes
462080,0,43,6,9,1,1,No
462081,1,21,4,1,1,3,No
462083,1,22,2,0,1,5,No
462084,1,68,6,1,1,1,Yes
462085,0,28,2,0,1,1,No
462088,1,33,6,0,3,2,Yes
462090,0,38,6,8,1,1,No
462091,1,23,2,0,1,5,No
462094,0,41,2,3,1,1,No
462096,0,41,9,3,1,1,No
462102,0,39,5,4,1,1,No
462103,0,49,8,9,5,2,Yes
462108,0,33,9,3,3,2,Yes
462109,1,79,7,0,1,1,Yes
462111,1,38,6,6,3,4,Yes
462114,1,21,2,1,1,4,No
462116,0,68,5,0,3,2,Yes
462118,1,31,6,0,1,3,No
462120,1,46,6,1,1,3,Yes
462128,1,35,6,9,3,2,Yes
462131,0,42,6,8,1,3,No
462134,1,87,7,0,1,1,Yes
462141,0,38,6,8,1,1,No
462149,0,88,7,2,5,1,Yes
462151,0,42,6,9,1,1,No
462163,0,26,6,4,3,2,Yes
462168,1,35,3,0,5,3,Yes
462171,0,41,1,3,5,2,Yes
462172,1,37,5,1,3,2,Yes
462174,0,41,1,8,3,4,Yes
462177,1,35,6,6,1,5,No
462179,0,33,4,0,1,9,No
462180,0,61,1,2,3,4,Yes
462186,0,19,5,1,1,3,No
462187,0,50,6,4,1,1,No
462188,0,48,1,0,3,4,Yes
462196,1,57,4,1,3,3,Yes
462197,0,72,1,1,3,3,Yes
462198,0,39,1,4,1,2,No
462200,0,49,5,0,1,3,Yes
462202,0,41,8,0,1,4,No
462203,1,65,3,2,5,7,Yes
462204,0,22,4,0,1,3,No
462205,0,23,2,0,1,4,No
462209,0,41,6,0,1,1,Yes
462210,0,42,1,0,1,3,Yes
462211,1,18,2,0,1,3,No
462214,1,49,5,1,1,2,Yes
462216,0,40,5,0,1,2,Yes
462218,1,50,3,1,3,5,Yes
462220,0,19,2,6,1,3,No
462222,1,22,2,0,1,6,No
462229,1,23,5,1,1,8,No
462231,1,27,6,4,1,6,No
462232,1,55,3,0,5,8,Yes
462234,1,32,5,1,3,6,Yes
462238,1,57,8,3,1,2,Yes
462240,1,80,7,0,5,2,Yes
462243,1,43,3,0,1,4,Yes
462246,0,79,7,1,5,2,Yes
462249,1,25,8,1,1,3,No
462256,0,58,9,0,3,4,Yes
462257,0,78,7,3,5,2,Yes
462260,1,76,7,1,1,2,Yes
462262,1,27,2,1,1,3,No
462274,1,47,6,1,3,3,Yes
462275,1,43,6,1,3,2,Yes
462278,1,31,2,1,1,4,No
462279,1,27,2,0,1,7,No
462280,1,31,2,0,1,4,No
462281,1,46,6,1,1,2,Yes
462284,1,48,3,1,3,4,Yes
462285,1,51,5,3,1,2,Yes
462286,1,57,5,0,3,2,Yes
462290,0,30,5,0,1,1,No
462291,0,37,4,3,1,3,No
462297,0,31,6,14,1,2,No
462300,1,49,6,1,3,3,Yes
462304,1,56,6,1,1,4,Yes
462306,1,83,7,8,5,2,Yes
462309,1,32,2,3,1,1,No
462310,1,63,6,5,3,4,Yes
462323,0,71,5,1,3,2,Yes
462336,1,50,6,0,1,4,Yes
462339,1,31,6,4,1,5,No
462340,1,60,8,0,3,6,Yes
462342,0,71,7,8,5,2,Yes
462345,1,49,5,0,3,6,Yes
462346,1,74,7,9,1,1,Yes
462349,1,51,6,1,3,6,Yes
462355,1,61,8,0,1,2,Yes
462356,1,46,1,0,1,3,No
462358,1,39,5,2,3,2,Yes
462365,1,85,7,1,5,2,Yes
462368,0,31,6,1,3,2,Yes
462370,1,39,3,4,5,3,Yes
462381,0,48,5,1,5,2,Yes
462382,1,71,7,0,5,2,Yes
462384,0,31,2,3,1,1,No
462386,0,32,2,0,1,5,No
462389,0,55,1,0,1,1,Yes
462395,1,46,6,0,5,2,Yes
462396,1,53,5,3,3,2,Yes
462397,1,50,6,0,3,4,Yes
462400,1,45,6,1,1,1,No
462401,1,33,3,1,3,2,Yes
462409,0,29,1,5,1,2,Yes
462411,1,35,6,8,1,1,No
462415,1,25,5,1,1,1,No
462420,1,26,2,0,1,3,No
462421,1,48,6,1,1,2,No
462423,1,66,7,0,5,3,Yes
462424,0,38,6,0,1,3,Yes
462428,1,65,8,2,3,3,Yes
462429,1,87,7,1,1,1,Yes
462445,1,20,2,1,1,3,No
462446,1,19,2,0,1,4,No
462447,1,22,2,9,1,4,No
462450,1,18,2,0,1,2,No
462451,1,18,4,1,1,9,No
462452,1,19,2,0,1,2,No
462454,1,19,2,1,1,3,No
462456,1,22,2,0,1,8,No
462457,1,31,2,4,1,4,No
462463,1,63,6,0,3,2,Yes
462472,1,43,6,1,1,1,No
462473,1,73,1,0,1,2,No
462485,0,39,1,0,1,2,Yes
462488,1,31,2,1,1,5,No
462491,1,31,6,0,1,5,No
462492,1,43,6,0,3,4,Yes
462496,1,52,6,0,3,3,Yes
462498,0,63,5,0,3,3,Yes
462503,1,51,3,1,5,4,Yes
462508,1,35,2,1,1,7,Yes
462512,0,32,8,3,3,2,Yes
462517,0,39,9,9,5,4,Yes
462518,0,25,2,1,1,6,No
462519,1,20,2,0,1,5,No
462521,0,33,9,9,1,1,No
462522,1,36,3,0,3,5,Yes
462524,0,35,5,3,1,2,Yes
462525,0,42,6,1,3,2,Yes
462526,0,52,6,2,3,5,Yes
462529,0,42,1,1,1,2,Yes
462531,0,57,9,3,5,2,Yes
462533,0,30,8,1,1,3,No
462538,0,73,7,1,5,2,Yes
462541,1,66,1,3,5,2,Yes
462542,0,62,6,9,3,5,Yes
462543,0,36,6,4,1,1,Yes
462545,1,33,1,0,1,3,No
462554,1,28,2,0,1,8,No
462561,0,48,6,3,3,2,Yes
462563,0,53,6,1,3,2,Yes
462566,0,27,5,1,1,2,Yes
462577,0,71,4,0,5,2,Yes
462578,1,35,6,9,3,2,Yes
462580,0,41,6,0,1,1,No
462584,0,39,8,0,1,4,Yes
462587,0,79,7,1,5,2,Yes
462589,0,29,1,9,1,8,No
462595,0,33,6,7,1,7,No
462596,0,31,2,0,1,2,No
462600,1,25,1,4,3,3,Yes
462607,0,43,1,2,3,3,No
462609,0,52,5,4,1,1,Yes
462611,1,41,3,0,5,7,Yes
462612,0,27,5,3,5,6,Yes
462613,0,39,1,1,3,5,Yes
462615,1,32,5,3,1,7,No
462617,1,19,2,1,1,5,No
462619,1,58,5,1,5,2,No
462625,1,30,6,1,1,3,No
462626,0,31,1,0,1,6,No
462632,0,43,1,3,3,4,Yes
462637,0,63,4,3,3,6,Yes
462643,0,37,1,3,3,3,Yes
462654,1,37,6,0,3,6,Yes
462658,0,31,9,9,3,2,Yes
462668,0,38,6,4,1,1,No
462669,0,41,8,3,5,6,Yes
462678,0,45,6,3,3,3,Yes
462680,1,35,5,3,3,4,Yes
462683,0,43,1,1,1,5,Yes
462685,0,33,2,3,1,3,No
462687,1,26,9,14,1,3,No
462692,0,39,6,3,3,2,Yes
462696,1,49,6,1,5,2,Yes
462697,1,47,5,0,3,2,No
462702,1,53,8,1,3,4,Yes
462704,1,52,3,5,5,5,Yes
462705,0,66,7,0,3,2,Yes
462716,1,26,8,6,1,2,No
462720,1,38,4,3,1,5,Yes
462722,0,25,9,3,1,4,No
462723,0,53,6,8,3,2,Yes
462727,0,87,7,0,5,2,Yes
462729,1,28,2,1,1,2,No
462731,0,37,6,7,5,3,Yes
462732,0,42,6,3,1,1,Yes
462735,0,25,6,1,3,2,Yes
462736,0,33,1,6,1,3,Yes
462738,0,33,2,3,1,3,No
462739,1,46,6,1,1,2,Yes
462743,1,33,2,2,1,4,No
462746,1,26,8,1,1,3,No
462747,1,32,5,6,1,4,No
462752,0,25,2,3,1,1,No
462755,0,18,2,1,1,2,No
462756,0,22,1,0,1,4,No
462761,1,19,2,2,1,4,No
462762,1,46,6,0,5,4,Yes
462767,1,19,2,4,1,4,No
462768,1,45,6,0,3,3,Yes
462776,0,52,1,1,3,3,Yes
462785,0,42,1,3,3,5,Yes
462788,1,47,8,1,3,3,Yes
462792,1,45,9,3,3,4,Yes
462799,1,32,2,3,1,2,No
462804,1,41,3,5,5,3,Yes
462807,0,28,9,3,1,1,No
462810,1,37,3,9,5,4,Yes
462814,0,20,1,8,3,2,Yes
462817,0,73,7,3,1,1,Yes
462819,1,51,6,0,3,3,Yes
462823,1,18,1,3,3,4,Yes
462824,1,42,1,1,3,3,Yes
462826,1,20,2,1,1,3,No
462827,0,23,5,0,1,3,No
462834,1,31,9,2,1,2,Yes
462838,0,33,9,1,1,3,Yes
462841,1,21,2,9,1,6,No
462845,1,51,5,5,3,7,Yes
462849,1,47,6,0,3,4,Yes
462850,1,20,2,0,1,4,No
462853,1,21,2,0,1,2,No
462854,1,22,2,1,1,3,No
462858,0,32,1,9,1,4,No
462861,0,30,2,8,1,1,No
462866,1,61,5,1,1,1,Yes
462868,1,43,8,0,3,4,Yes
462869,1,25,5,8,1,1,No
462871,1,46,8,0,3,3,Yes
462872,0,53,1,12,1,2,Yes
462874,1,55,5,0,5,2,Yes
462887,0,42,1,0,1,3,Yes
462890,0,26,4,11,1,1,No
462891,1,29,2,0,1,3,No
462894,1,39,6,4,3,4,Yes
462900,1,38,6,1,3,3,Yes
462903,1,69,8,3,3,2,Yes
462905,0,25,6,6,1,3,No
462914,0,26,6,4,1,4,No
462920,1,51,3,0,5,5,Yes
462923,1,30,9,8,3,2,Yes
462925,0,28,9,3,3,2,Yes
462927,0,33,9,8,1,2,No
462936,0,41,1,3,1,1,No
462941,1,71,7,3,1,2,No
462944,1,42,3,5,5,3,Yes
462951,1,71,7,2,1,1,Yes
462956,1,35,6,6,3,5,Yes
462958,1,28,4,0,1,5,No
462963,1,31,6,1,3,2,Yes
462966,1,43,6,2,3,3,Yes
462968,0,77,7,0,5,2,Yes
462971,0,71,1,0,1,1,Yes
462976,0,47,1,0,3,2,Yes
462981,0,26,9,9,1,1,No
462982,1,40,5,4,3,4,Yes
462983,0,72,7,0,5,2,Yes
462984,0,73,6,1,5,2,Yes
462986,1,26,2,1,1,6,No
462992,0,57,1,3,5,3,Yes
462993,1,30,6,3,3,3,Yes
462994,0,36,6,3,3,3,Yes
462998,1,52,8,10,3,4,Yes
463003,1,42,6,3,3,2,Yes
463012,1,52,1,3,1,1,Yes
463020,1,28,6,0,3,3,Yes
463023,0,43,9,7,1,1,Yes
463024,1,43,6,3,1,1,No
463028,1,25,5,0,1,4,No
463030,1,52,3,1,5,3,Yes
463034,0,28,9,9,1,1,No
463037,1,56,8,0,3,4,Yes
463039,1,38,3,12,5,7,Yes
463040,1,83,7,1,5,2,Yes
463044,1,82,7,3,5,2,Yes
463047,1,32,9,8,1,2,Yes
463051,0,35,9,12,1,1,No
463052,1,40,4,0,1,2,Yes
463058,0,25,9,13,1,1,No
463062,0,39,6,3,3,3,Yes
463069,1,25,6,7,1,1,No
463075,1,52,6,0,1,4,Yes
463080,1,33,6,0,1,4,No
463083,1,28,6,6,1,3,No
463085,0,43,6,0,1,1,No
463086,1,30,6,8,1,2,No
463088,0,84,7,1,5,2,Yes
463089,1,48,3,6,5,4,Yes
463090,0,55,1,3,3,2,Yes
463091,0,37,9,8,1,1,Yes
463094,1,38,1,11,3,3,Yes
463096,0,28,5,3,1,3,No
463099,1,86,7,3,1,1,Yes
463100,0,35,9,9,1,1,No
463102,1,35,8,0,1,2,No
463104,0,46,7,0,1,1,Yes
463106,0,79,7,0,1,1,Yes
463108,1,63,7,5,5,2,Yes
463118,0,50,5,3,5,3,Yes
463120,0,35,8,0,1,1,No
463129,1,65,5,3,1,1,Yes
463133,1,50,6,0,3,4,Yes
463138,0,27,9,3,1,2,No
463144,1,45,3,0,5,3,Yes
463145,0,36,9,0,1,4,No
463146,1,43,8,11,3,2,Yes
463148,1,62,4,1,5,5,Yes
463149,1,57,6,2,3,2,Yes
463150,1,51,4,9,1,1,No
463151,1,59,6,0,1,1,Yes
463154,0,27,6,0,1,4,Yes
463156,0,83,7,3,5,2,Yes
463157,1,50,8,6,1,3,Yes
463158,1,75,3,1,5,3,Yes
463163,1,28,3,2,1,2,No
463164,1,39,6,9,3,2,Yes
463165,0,69,5,0,3,2,Yes
463166,0,41,6,1,1,1,No
463170,0,28,2,0,1,5,No
463171,0,39,8,1,5,3,Yes
463173,1,47,6,0,1,1,No
463174,0,62,1,1,1,1,Yes
463175,0,41,1,0,1,4,No
463181,1,49,5,5,3,3,Yes
463187,0,52,6,8,1,2,Yes
463192,0,48,8,2,3,2,Yes
463195,0,26,2,7,1,2,No
463196,0,72,1,1,1,1,Yes
463199,0,47,6,0,1,3,Yes
463201,0,19,2,1,1,2,No
463203,0,21,2,1,1,3,No
463204,1,39,8,1,1,1,No
463209,0,52,6,0,1,1,No
463218,1,37,8,8,3,3,Yes
463219,1,51,8,0,1,2,Yes
463220,1,48,1,1,3,3,Yes
463221,1,22,2,3,1,3,No
463224,1,47,3,1,5,4,Yes
463240,0,45,1,0,3,3,Yes
463242,0,29,1,5,1,2,No
463244,0,47,5,1,1,1,Yes
463245,1,41,8,8,3,2,Yes
463248,0,32,9,9,3,4,Yes
463251,1,31,4,2,1,3,Yes
463256,1,20,4,1,1,3,No
463258,0,46,6,0,3,3,Yes
463260,1,70,7,3,1,1,Yes
463265,1,65,6,1,3,3,Yes
463266,0,68,6,1,3,2,Yes
463267,1,29,9,9,1,1,Yes
463269,1,41,8,3,3,2,Yes
463270,1,50,3,0,1,5,Yes
463273,1,38,8,9,3,2,Yes
463276,1,37,3,3,3,2,Yes
463277,0,30,1,6,1,2,Yes
463278,0,63,1,1,1,1,Yes
463280,1,42,6,6,3,2,Yes
463292,1,41,3,0,5,3,Yes
463302,0,60,1,3,5,4,Yes
463308,1,46,1,1,1,2,Yes
463316,0,83,7,0,5,2,Yes
463323,1,27,2,3,1,2,Yes
463324,0,22,2,1,1,4,No
463330,1,20,2,0,1,4,No
463332,0,40,1,0,1,2,Yes
463334,0,28,5,0,1,6,No
463335,1,28,5,3,1,1,No
463338,1,28,8,0,1,2,Yes
463340,0,20,2,0,1,4,No
463341,0,53,1,0,3,6,Yes
463348,0,35,5,0,1,2,Yes
463351,0,21,2,3,1,4,No
463356,1,30,2,6,1,4,No
463360,0,46,6,2,1,1,Yes
463367,0,36,1,3,1,4,No
463368,0,38,6,4,5,3,Yes
463372,0,26,4,1,3,2,Yes
463375,0,45,5,1,1,1,Yes
463376,0,46,3,5,5,2,Yes
463378,1,25,5,0,1,1,No
463379,1,27,4,0,1,7,No
463386,0,42,5,6,1,1,Yes
463387,1,20,4,3,1,2,No
463391,1,55,5,6,1,1,Yes
463395,1,25,4,3,1,1,No
463404,1,27,5,3,5,2,Yes
463406,1,31,4,0,1,4,No
463409,0,38,8,6,3,5,Yes
463411,1,43,8,3,3,2,Yes
463420,0,59,6,2,5,3,Yes
463423,1,61,3,1,3,3,Yes
463427,0,27,1,1,1,2,Yes
463428,1,26,3,1,5,5,Yes
463431,1,39,6,3,3,4,Yes
463437,1,51,6,0,3,3,Yes
463438,1,47,8,0,3,3,Yes
463443,1,52,6,1,3,4,Yes
463444,1,59,7,3,5,2,Yes
463447,1,57,1,1,3,2,Yes
463452,0,86,7,1,5,2,Yes
463460,1,49,6,3,3,2,Yes
463461,1,30,5,3,1,4,No
463462,0,43,1,0,3,4,Yes
463470,1,19,2,3,1,5,No
463472,1,20,2,3,1,4,No
463473,1,19,2,3,1,3,No
463475,0,43,5,0,1,1,Yes
463477,1,31,2,0,1,4,No
463483,1,30,3,1,5,2,Yes
463491,1,27,5,8,3,3,Yes
463493,1,36,3,3,5,4,Yes
463499,1,47,3,0,1,2,Yes
463500,1,35,3,1,5,4,Yes
463503,1,25,8,0,1,2,Yes
463508,0,25,6,0,1,3,Yes
463509,1,38,6,1,1,1,No
463512,0,32,1,0,1,3,No
463516,1,48,3,1,5,6,Yes
463527,0,38,6,10,1,1,No
463528,1,70,3,3,5,2,Yes
463529,1,42,4,3,1,1,No
463533,0,85,6,1,5,2,Yes
463537,0,25,2,1,1,3,No
463545,0,31,5,1,1,2,No
463548,0,20,2,3,1,4,No
463550,0,37,6,0,3,2,Yes
463553,1,33,6,8,1,2,No
463554,0,52,6,5,1,1,No
463557,1,26,5,0,1,3,No
463560,0,21,2,9,1,5,No
463561,0,42,1,0,1,1,No
463566,0,35,9,3,3,4,Yes
463572,1,39,6,0,3,4,Yes
463577,0,41,5,1,3,2,Yes
463586,0,18,2,1,1,5,No
463588,1,22,2,0,1,1,No
463598,0,25,1,2,1,2,Yes
463601,0,20,2,4,1,5,No
463603,0,18,8,0,1,4,No
463605,0,20,2,1,1,5,No
463606,1,21,4,0,1,4,No
463614,0,25,2,1,1,4,No
463615,0,60,6,3,3,2,Yes
463616,0,46,1,0,3,5,Yes
463619,1,68,3,1,5,2,Yes
463620,1,21,2,1,1,4,No
463623,1,27,5,0,1,3,No
463624,1,59,3,1,5,4,Yes
463628,0,26,6,8,1,1,No
463632,1,26,6,0,3,2,Yes
463638,0,32,5,1,3,2,Yes
463639,1,33,2,0,1,6,No
463640,1,28,2,0,1,3,No
463644,0,30,2,0,1,3,No
463652,0,32,6,3,1,1,No
463654,0,41,1,3,1,3,No
463655,1,42,6,13,1,2,Yes
463661,0,45,5,1,3,4,Yes
463663,0,39,5,1,1,2,No
463664,0,29,1,0,1,1,No
463665,1,46,8,1,3,3,Yes
463669,0,26,4,5,5,4,Yes
463670,0,26,2,3,1,4,No
463689,0,41,5,1,1,2,Yes
463699,0,38,4,9,1,3,Yes
463703,1,69,3,1,5,4,Yes
463704,1,46,6,0,1,2,No
463707,0,40,6,0,1,1,No
463713,1,25,1,9,1,3,No
463714,1,59,5,1,3,2,Yes
463716,1,26,5,1,1,4,No
463718,0,33,6,0,1,4,No
463722,1,56,3,8,5,2,Yes
463724,1,30,2,0,1,5,No
463726,0,26,2,0,1,3,No
463727,0,28,5,0,1,5,No
463728,0,28,5,0,3,6,Yes
463732,1,20,2,1,1,4,No
463734,1,41,3,1,3,3,Yes
463741,1,37,6,0,5,3,Yes
463745,1,59,6,1,3,3,Yes
463747,0,43,6,0,3,2,Yes
463748,1,20,2,1,1,3,No
463753,0,30,2,1,1,5,No
463756,1,66,3,0,3,2,Yes
463761,1,28,6,1,3,3,Yes
463764,1,49,8,0,3,3,Yes
463766,0,61,6,0,3,3,Yes
463767,1,27,6,9,3,2,Yes
463768,0,35,1,1,1,1,Yes
463774,1,33,2,0,3,2,Yes
463776,0,36,6,2,3,2,Yes
463782,0,27,6,9,1,1,No
463783,0,29,2,3,1,2,No
463784,0,31,1,1,1,5,No
463785,0,30,2,0,1,4,No
463786,0,43,6,3,3,2,Yes
463790,1,47,3,1,1,4,Yes
463792,0,42,1,3,1,1,No
463794,0,33,2,3,1,5,No
463799,0,36,6,1,1,4,No
463800,0,30,1,1,1,3,No
463804,1,60,6,9,1,1,Yes
463807,0,32,2,0,1,3,No
463811,0,32,6,0,3,2,Yes
463814,0,28,2,7,1,3,No
463816,1,46,2,2,5,4,Yes
463818,0,38,6,4,1,1,Yes
463819,1,28,6,8,1,2,Yes
463821,1,30,8,7,1,2,Yes
463825,0,52,6,0,3,3,Yes
463827,0,46,1,1,3,4,Yes
463828,1,37,1,0,3,2,Yes
463830,0,25,1,2,1,3,No
463834,0,43,1,1,3,4,Yes
463835,1,32,4,0,1,4,No
463842,0,50,1,1,5,4,Yes
463847,1,43,6,3,3,3,Yes
463856,1,37,6,0,3,2,Yes
463857,1,61,2,0,5,4,Yes
463859,1,39,6,5,3,2,Yes
463865,1,46,6,1,3,5,Yes
463877,1,37,8,0,3,4,Yes
463880,0,36,1,0,1,3,Yes
463884,0,28,6,0,1,1,No
463891,1,86,7,0,1,1,Yes
463892,1,42,6,8,1,1,No
463904,1,82,3,1,1,1,Yes
463917,0,18,2,1,1,8,No
463923,0,18,1,0,1,4,No
463924,0,36,6,1,1,1,No
463926,0,26,1,1,1,6,No
463931,1,49,8,1,3,2,Yes
463932,0,69,6,1,3,3,Yes
463941,0,29,6,1,1,6,No
463943,1,68,8,1,1,2,No
463946,1,33,2,4,1,3,No
463948,1,38,3,3,5,5,Yes
463951,1,52,8,1,3,3,Yes
463955,1,28,6,1,1,2,Yes
463958,0,27,2,1,1,5,No
463961,0,28,1,0,1,4,No
463963,0,25,1,7,5,3,Yes
463966,0,30,6,8,1,1,No
463978,1,40,6,1,3,3,Yes
463980,0,25,6,0,1,9,No
463981,0,30,6,5,1,1,No
463983,0,43,1,0,3,2,Yes
463986,0,26,6,1,1,4,No
463997,0,37,8,0,3,3,Yes
464000,0,28,2,1,1,5,No
464004,0,31,4,1,1,5,Yes
464007,1,46,6,1,1,3,Yes
464009,0,47,6,5,3,4,Yes
464010,1,28,2,1,1,4,No
464013,1,30,2,0,1,1,No
464016,0,29,8,1,5,1,No
464019,1,23,6,2,1,5,No
464021,0,22,2,1,1,5,No
464023,1,20,2,1,1,5,No
464030,1,22,8,1,1,4,No
464031,0,19,2,0,1,4,No
464032,1,21,2,1,1,3,No
464033,0,19,2,0,1,4,No
464039,1,39,6,1,1,2,No
464042,0,38,6,8,1,2,Yes
464046,1,33,2,3,1,1,No
464048,0,38,9,4,1,1,No
464049,0,29,2,0,1,3,No
464053,0,35,8,4,1,1,Yes
464054,1,32,6,9,3,2,Yes
464059,1,59,6,0,1,1,Yes
464063,0,32,5,0,1,1,No
464066,0,29,2,8,1,3,No
464067,0,31,8,0,1,4,No
464068,1,59,3,0,5,4,Yes
464071,1,87,7,0,5,2,Yes
464072,1,53,3,0,1,2,Yes
464076,1,83,7,0,5,2,Yes
464084,1,33,2,1,1,5,No
464087,0,26,1,3,1,4,No
464089,0,39,6,7,5,5,Yes
464096,0,27,2,1,1,5,No
464099,0,42,6,5,3,2,Yes
464103,1,46,6,4,3,2,Yes
464110,1,63,5,0,5,2,Yes
464112,1,32,5,1,1,2,No
464115,0,38,1,0,1,3,No
464118,1,38,8,1,1,2,No
464121,0,63,1,1,1,1,Yes
464123,0,45,6,1,1,1,No
464127,0,33,2,1,1,5,No
464132,1,27,8,0,1,2,No
464137,0,87,6,7,5,2,Yes
464139,0,25,2,14,1,1,No
464144,1,61,6,0,3,4,Yes
464152,1,41,6,1,5,4,Yes
464162,1,86,7,3,5,2,Yes
464167,1,51,3,4,5,3,Yes
464169,1,83,7,0,5,2,No
464172,1,60,6,3,5,3,Yes
464173,1,65,6,6,3,3,Yes
464175,0,32,2,1,1,2,No
464176,0,41,6,1,1,1,Yes
464179,0,56,6,0,3,3,Yes
464180,0,74,7,1,5,2,Yes
464182,1,39,6,4,3,2,Yes
464183,0,42,6,2,1,2,No
464185,1,68,6,5,5,2,Yes
464195,1,30,6,1,1,1,No
464200,0,32,2,1,1,3,No
464202,1,43,6,13,1,1,Yes
464204,0,40,6,3,5,2,Yes
464205,0,87,8,0,5,2,Yes
464206,1,43,8,1,1,2,Yes
464211,1,48,5,1,3,3,Yes
464212,0,58,4,0,3,2,Yes
464216,1,52,6,3,5,3,Yes
464217,0,30,2,14,1,3,No
464223,0,53,6,2,1,2,Yes
464226,0,56,6,3,3,3,Yes
464231,1,48,6,1,3,4,Yes
464232,1,28,5,1,1,5,Yes
464246,0,61,6,0,3,2,Yes
464254,1,62,8,1,3,3,Yes
464255,0,49,6,1,3,5,Yes
464257,1,40,8,0,5,2,Yes
464265,1,62,8,1,1,2,Yes
464269,1,35,8,1,1,2,No
464270,0,48,6,4,1,1,No
464271,0,36,6,1,3,3,Yes
464274,0,56,6,1,3,5,Yes
464276,0,66,4,0,5,2,Yes
464283,1,40,6,6,1,2,No
464286,0,57,6,0,3,2,Yes
464287,1,42,6,3,3,3,Yes
464289,1,35,4,1,1,3,Yes
464292,1,58,6,0,3,2,Yes
464297,1,29,6,8,1,5,No
464298,1,26,5,0,1,1,No
464308,0,84,7,1,5,2,Yes
464318,1,86,3,0,1,1,Yes
464320,1,77,7,1,5,2,Yes
464326,0,37,6,0,1,3,No
464332,1,74,3,0,5,2,Yes
464339,1,27,6,1,1,2,No
464344,0,56,6,0,1,1,Yes
464351,0,27,2,0,1,1,No
464364,1,39,6,7,3,2,Yes
464368,1,35,8,3,3,2,Yes
464370,1,66,8,1,3,2,Yes
464373,0,47,6,0,1,2,No
464378,0,36,6,8,3,2,Yes
464381,1,43,6,4,3,2,Yes
464382,0,55,6,0,3,4,Yes
464386,1,41,5,0,3,3,Yes
464387,0,26,6,9,1,5,No
464389,1,72,6,0,5,2,Yes
464392,1,59,6,0,3,2,Yes
464396,1,38,8,1,3,3,Yes
464412,1,72,7,1,1,2,Yes
464424,1,31,2,1,1,4,No
464425,1,41,6,9,1,1,No
464432,1,25,1,9,1,2,No
464433,1,29,6,3,1,2,No
464436,1,83,7,0,5,2,Yes
464437,0,51,1,0,3,4,Yes
464441,1,40,6,0,1,2,Yes
464451,0,76,6,0,3,2,Yes
464456,1,29,6,1,1,4,Yes
464468,1,46,6,1,1,3,Yes
464473,0,58,6,0,3,4,Yes
464474,0,46,6,1,1,1,No
464478,0,74,7,0,5,2,Yes
464481,1,53,3,1,5,3,Yes
464482,1,63,6,1,1,1,Yes
464483,0,49,6,1,3,3,Yes
464485,1,25,8,5,1,2,No
464487,1,46,1,1,1,3,No
464488,0,43,6,7,1,9,No
464494,0,58,6,1,3,4,Yes
464499,1,41,3,1,5,4,Yes
464501,0,28,2,1,1,3,No
464504,1,26,2,0,1,4,No
464506,1,29,2,9,1,2,No
464517,1,33,2,0,1,2,No
464522,0,39,1,14,1,1,No
464526,1,51,8,0,3,4,Yes
464528,1,46,8,4,5,4,Yes
464533,1,38,3,3,5,6,Yes
464536,1,26,6,1,3,3,Yes
464540,0,42,1,1,3,4,Yes
464544,0,43,8,5,3,3,Yes
464549,1,53,3,1,1,4,Yes
464550,1,46,6,3,1,4,Yes
464552,0,40,6,1,3,3,Yes
464553,1,71,6,1,1,2,Yes
464555,1,32,4,13,5,4,Yes
464560,1,41,8,9,1,2,No
464561,0,46,8,8,1,2,No
464566,1,40,3,0,5,4,Yes
464569,1,29,5,1,1,5,No
464570,1,25,5,1,3,2,Yes
464572,0,52,4,0,1,1,Yes
464576,1,30,5,9,1,5,No
464577,0,25,2,12,5,2,Yes
464580,1,32,6,9,1,4,No
464581,0,33,5,3,1,4,No
464586,0,49,6,1,1,1,No
464593,0,43,5,1,1,4,No
464594,1,48,6,1,1,1,Yes
464597,1,41,6,5,1,2,No
464601,0,29,2,9,1,2,No
464603,0,35,6,0,1,2,No
464606,1,41,6,1,3,2,Yes
464607,0,47,6,1,3,4,Yes
464608,0,53,6,1,3,3,Yes
464618,1,40,6,5,1,1,No
464620,0,40,6,0,5,2,Yes
464621,1,46,6,0,1,1,Yes
464637,0,36,4,3,1,4,No
464641,0,71,7,2,1,6,Yes
464652,0,30,1,5,3,2,Yes
464654,0,40,1,1,3,4,Yes
464664,1,43,8,0,3,5,Yes
464666,1,40,8,3,3,3,Yes
464670,1,39,8,1,3,4,Yes
464673,1,49,3,1,5,7,Yes
464674,1,51,6,0,3,5,Yes
464675,0,39,5,1,3,9,Yes
464677,1,23,2,1,1,5,Yes
464683,1,53,1,0,3,6,Yes
464684,0,35,1,9,1,5,No
464685,1,35,3,2,1,4,No
464688,1,30,5,1,1,9,Yes
464690,1,39,1,2,3,2,Yes
464691,1,38,6,1,1,3,No
464692,0,53,4,0,1,1,No
464693,0,36,1,8,1,1,No
464695,1,33,1,0,1,4,No
464696,0,40,1,1,1,1,No
464697,0,36,6,0,3,4,Yes
464699,1,31,5,1,1,5,No
464701,1,31,5,1,1,2,No
464704,1,41,2,0,3,4,Yes
464707,1,48,2,0,3,4,Yes
464711,0,38,6,5,3,3,Yes
464712,1,49,6,1,1,5,Yes
464722,1,42,5,1,1,2,Yes
464726,1,28,3,14,5,9,Yes
464728,1,51,8,0,5,4,Yes
464732,1,41,6,1,3,2,Yes
464737,0,57,1,0,3,6,Yes
464739,1,67,6,0,1,1,Yes
464746,1,29,3,3,3,5,Yes
464752,0,46,4,3,1,1,Yes
464755,1,49,6,0,5,2,Yes
464756,0,28,1,6,1,3,No
464758,0,48,1,1,3,4,Yes
464760,0,51,1,5,3,4,Yes
464765,0,48,1,5,3,6,Yes
464766,0,48,1,5,3,5,Yes
464769,0,52,1,9,3,4,No
464772,0,39,1,8,3,4,Yes
464774,0,50,1,7,3,5,Yes
464780,0,33,1,1,1,9,No
464790,0,35,6,3,1,1,No
464792,1,30,4,2,5,5,Yes
464794,0,46,1,8,3,2,Yes
464799,1,36,4,0,1,4,No
464802,1,43,8,0,1,1,No
464804,1,26,8,1,1,1,Yes
464806,1,33,3,0,1,2,Yes
464809,1,50,8,3,3,5,Yes
464812,0,49,1,1,5,5,Yes
464813,1,48,1,6,3,5,Yes
464817,1,31,6,5,1,1,No
464818,0,38,1,3,3,2,Yes
464825,0,21,2,5,1,1,No
464827,0,50,8,8,3,5,Yes
464828,1,23,2,9,1,6,No
464831,0,21,2,0,1,2,Yes
464832,1,71,7,1,1,2,Yes
464835,1,20,2,0,1,6,No
464836,0,32,1,7,5,5,No
464845,1,29,1,0,3,3,Yes
464849,1,42,6,0,3,4,Yes
464851,1,20,5,0,1,6,No
464852,1,36,3,1,1,6,Yes
464854,0,42,1,0,5,6,Yes
464857,1,18,2,7,1,4,No
464861,1,25,9,3,1,2,No
464864,0,30,1,10,1,8,No
464865,0,28,9,9,1,9,No
464868,1,42,8,7,1,6,Yes
464872,1,38,6,1,1,4,Yes
464873,1,42,6,1,3,2,Yes
464876,0,52,1,3,3,5,Yes
464879,0,29,5,0,3,2,Yes
464884,1,40,6,1,1,2,Yes
464885,0,38,1,1,1,2,No
464886,1,37,1,1,3,4,Yes
464902,0,65,7,1,1,1,Yes
464905,1,81,3,3,5,2,No
464907,1,59,1,0,3,2,No
464910,0,47,6,1,3,5,Yes
464911,1,57,6,0,3,3,Yes
464915,1,39,3,3,5,4,Yes
464916,0,32,5,8,5,2,No
464919,1,37,6,9,1,1,Yes
464920,1,39,6,4,1,1,No
464921,1,39,5,1,3,5,Yes
464925,1,60,3,7,3,2,No
464927,0,70,6,1,3,2,Yes
464932,1,51,3,9,1,1,Yes
464938,1,48,6,1,1,3,Yes
464939,1,43,8,0,1,1,No
464940,0,29,1,1,1,2,Yes
464944,0,43,8,0,1,2,Yes
464947,1,25,5,5,1,1,No
464957,0,75,7,0,1,1,Yes
464960,0,22,2,0,1,5,No
464961,1,86,4,1,1,1,Yes
464963,0,50,8,1,1,2,Yes
464972,1,73,7,1,5,9,Yes
464973,1,87,7,1,1,2,No
464981,1,49,6,0,3,4,Yes
464987,1,46,3,1,5,5,Yes
464990,1,73,3,0,5,2,Yes
464991,0,87,7,1,5,2,Yes
464995,1,53,3,2,5,4,Yes
465001,1,84,7,1,5,2,Yes
465005,1,47,3,3,5,3,Yes
465012,1,59,3,1,5,4,Yes
465014,1,82,7,1,1,1,Yes
465022,0,71,7,0,5,2,Yes
465023,1,39,6,9,3,2,Yes
465026,0,25,5,0,1,2,No
465032,1,67,3,1,5,2,Yes
465035,0,83,7,13,5,2,Yes
465038,1,49,3,0,5,4,Yes
465039,0,87,7,0,5,2,Yes
465040,1,69,7,1,3,2,Yes
465045,1,40,8,9,3,2,Yes
465056,1,87,7,1,5,2,Yes
465069,1,68,2,0,3,3,Yes
465075,0,43,6,3,3,2,Yes
465076,1,67,6,0,5,5,Yes
465079,1,80,7,1,1,1,Yes
465082,1,65,7,1,1,1,Yes
465087,1,29,5,0,1,4,No
465091,1,60,8,3,3,3,Yes
465092,1,72,3,1,5,2,Yes
465093,1,57,5,0,1,1,Yes
465095,1,47,3,1,5,4,Yes
465099,1,39,8,1,3,2,Yes
465100,1,62,6,0,5,2,Yes
465101,0,81,7,1,1,1,Yes
465105,1,65,3,8,3,2,Yes
465109,1,47,7,3,1,2,No
465111,0,40,6,8,3,2,Yes
465112,0,86,7,0,5,2,Yes
465113,1,67,7,0,5,2,Yes
465119,0,45,6,0,3,5,Yes
465120,0,27,2,1,1,4,No
465121,0,32,6,7,1,1,No
465122,0,41,6,3,3,2,Yes
465124,0,27,2,6,3,2,Yes
465128,0,58,6,0,3,3,Yes
465134,0,61,8,1,3,5,Yes
465136,1,52,6,0,3,2,Yes
465144,1,25,5,8,1,1,No
465147,1,33,2,2,1,3,No
465148,1,31,6,0,1,2,No
465150,1,37,8,1,1,1,No
465153,1,38,6,1,3,2,Yes
465155,1,81,7,0,1,1,Yes
465160,1,61,3,0,5,3,Yes
465164,1,20,2,0,1,3,No
465171,0,48,6,8,5,4,Yes
465172,0,43,6,8,3,2,Yes
465175,0,22,9,0,1,4,No
465176,0,63,6,1,3,4,Yes
465181,0,25,2,8,1,1,No
465182,0,73,7,1,1,1,No
465186,0,43,6,4,3,4,Yes
465187,0,39,5,1,3,4,Yes
465188,0,49,6,0,3,4,Yes
465189,0,83,7,1,5,2,Yes
465194,1,22,2,9,1,6,No
465196,0,31,6,2,1,2,No
465197,0,60,6,1,5,4,Yes
465201,1,42,8,1,3,4,Yes
465202,1,25,8,7,1,4,No
465203,1,29,2,3,1,3,No
465204,1,29,2,1,1,2,Yes
465213,1,39,8,2,3,2,Yes
465214,1,33,1,14,1,1,Yes
465216,1,35,3,9,5,4,Yes
465226,1,38,8,2,1,3,Yes
465228,1,59,6,1,5,2,Yes
465231,1,67,6,1,3,2,Yes
465236,1,45,6,1,1,1,Yes
465237,1,70,7,3,5,2,Yes
465242,1,19,2,5,1,4,No
465249,0,23,2,0,1,4,No
465254,1,22,2,1,1,4,No
465261,0,23,2,1,1,4,No
465264,1,80,3,0,1,1,Yes
465267,1,40,1,14,3,5,Yes
465274,1,36,6,0,1,1,No
465285,0,31,1,8,1,4,Yes
465288,0,20,1,1,1,2,Yes
465289,1,31,3,1,5,2,Yes
465290,1,50,3,0,5,5,Yes
465294,1,67,7,0,1,2,Yes
465295,0,43,5,9,3,1,No
465296,0,85,7,5,5,3,Yes
465303,0,65,6,1,3,3,Yes
465306,1,71,3,1,3,4,Yes
465310,0,20,2,1,1,6,No
465319,1,20,2,0,1,5,No
465326,1,87,6,3,1,1,Yes
465333,0,37,6,4,1,2,Yes
465335,1,59,8,1,3,2,Yes
465340,0,29,6,3,1,4,No
465342,1,85,3,0,5,2,Yes
465344,0,72,7,1,5,2,Yes
465345,0,42,6,0,1,2,No
465351,0,45,6,9,3,2,Yes
465352,1,59,8,1,3,4,Yes
465354,1,19,5,0,1,5,No
465357,0,47,6,0,3,3,Yes
465358,0,73,6,0,5,2,Yes
465359,0,42,6,1,1,1,Yes
465364,0,37,5,7,1,5,No
465366,0,38,6,8,1,1,No
465371,0,41,6,1,1,1,No
465372,0,40,8,0,1,1,No
465383,0,30,8,0,1,4,Yes
465384,1,56,6,0,5,2,Yes
465391,0,65,7,1,5,2,Yes
465393,1,35,6,5,3,2,Yes
465395,0,37,1,0,3,5,Yes
465399,1,36,8,0,1,1,No
465405,0,26,9,1,5,4,No
465408,1,25,3,3,1,4,No
465410,1,30,2,0,1,4,No
465417,1,37,8,3,3,2,Yes
465419,1,30,6,0,1,3,No
465423,1,46,8,1,3,4,Yes
465428,0,38,1,1,1,1,No
465433,0,40,6,3,1,1,No
465435,0,31,6,5,1,1,No
465437,1,45,3,4,5,5,Yes
465440,1,55,1,1,1,5,Yes
465441,0,51,1,2,1,1,Yes
465445,0,29,9,5,1,7,No
465458,0,74,6,1,5,2,Yes
465461,1,69,8,1,3,3,Yes
465463,0,28,5,3,1,5,No
465464,1,41,3,0,3,2,Yes
465467,1,29,2,1,1,3,No
465471,1,39,6,0,1,1,Yes
465472,0,74,8,3,5,3,Yes
465473,0,59,6,4,1,1,No
465477,1,27,2,1,1,3,No
465479,1,33,6,0,1,1,No
465482,1,31,8,9,1,2,No
465483,1,46,6,0,3,3,Yes
465484,0,63,6,0,1,2,Yes
465488,1,22,2,1,1,4,No
465489,0,53,1,1,1,5,No
465492,1,59,8,1,1,1,Yes
465496,1,84,7,3,1,2,Yes
465505,1,63,6,1,3,4,Yes
465507,1,35,6,8,1,1,Yes
465508,1,21,2,1,1,4,No
465510,1,67,7,0,5,2,Yes
465518,0,41,6,1,3,3,Yes
465520,0,27,6,0,1,8,No
465521,0,53,6,1,3,2,Yes
465522,0,33,2,4,1,8,No
465529,0,32,5,0,1,4,No
465538,1,59,2,5,5,2,Yes
465539,0,50,6,1,5,5,Yes
465541,0,50,6,1,3,4,Yes
465543,0,41,2,1,3,2,Yes
465547,0,71,7,1,1,1,Yes
465550,0,33,2,1,1,6,No
465551,0,46,6,3,3,2,Yes
465554,0,78,7,1,1,3,No
465555,0,69,7,3,5,2,Yes
465558,0,40,2,8,1,1,No
465568,1,43,3,2,5,3,Yes
465569,1,36,6,0,5,3,Yes
465571,1,35,8,1,3,2,Yes
465577,1,30,2,0,1,4,No
465584,1,47,8,3,3,2,Yes
465586,1,69,6,0,1,1,Yes
465587,1,41,8,3,1,5,Yes
465594,1,33,3,4,1,6,Yes
465598,1,27,2,6,1,5,No
465600,1,38,1,6,1,2,Yes
465601,1,35,6,3,3,4,Yes
465602,1,27,6,10,1,2,Yes
465603,0,51,9,9,1,2,Yes
465605,0,52,1,4,1,1,Yes
465611,1,53,5,0,1,1,No
465612,1,43,6,8,3,2,Yes
465616,1,42,5,8,1,2,Yes
465621,1,36,5,9,1,1,No
465625,1,36,6,14,1,2,No
465627,0,40,2,1,1,1,No
465629,1,47,8,2,3,3,Yes
465635,1,30,5,1,1,2,No
465638,0,53,6,3,1,2,Yes
465640,1,45,6,5,3,2,Yes
465644,1,33,2,0,1,5,No
465645,0,40,6,8,1,2,No
465649,0,36,4,5,1,1,Yes
465651,1,32,1,0,1,4,No
465653,0,51,6,0,1,2,Yes
465655,0,49,6,0,1,1,No
465656,1,81,7,1,1,2,Yes
465658,1,72,6,1,3,4,Yes
465663,0,70,6,0,1,2,No
465667,1,21,2,0,1,3,No
465668,1,21,2,1,1,5,No
465669,0,41,8,4,3,4,Yes
465670,0,49,1,12,1,1,No
465675,0,51,8,0,1,1,No
465680,1,28,2,0,3,5,Yes
465685,1,37,2,5,1,2,No
465688,0,63,6,1,3,3,Yes
465689,1,19,2,8,1,4,No
465695,0,32,2,3,1,3,No
465697,0,51,6,6,1,1,Yes
465703,1,26,8,3,1,2,Yes
465704,1,61,6,0,1,1,Yes
465705,0,51,6,0,3,4,Yes
465706,0,45,6,0,3,3,Yes
465721,1,29,8,1,5,2,Yes
465722,1,47,2,0,1,5,Yes
465725,1,25,5,1,1,2,No
465727,1,40,4,0,1,5,No
465728,1,45,2,1,1,1,No
465733,1,32,8,1,3,2,Yes
465734,1,38,6,0,1,3,Yes
465736,0,38,6,8,1,2,No
465737,0,48,1,7,1,3,Yes
465740,0,71,5,0,1,1,No
465742,0,46,6,3,1,3,Yes
465751,0,46,6,9,1,2,Yes
465753,0,49,6,7,1,2,Yes
465766,1,43,8,0,1,3,Yes
465768,0,38,6,6,1,4,No
465769,1,25,2,8,1,4,No
465772,0,46,1,0,1,4,Yes
465775,0,28,1,9,1,3,No
465776,0,41,8,5,1,4,No
465777,0,32,6,9,1,5,No
465784,0,21,2,0,1,4,No
465788,1,22,2,1,1,6,No
465793,1,27,2,0,1,5,No
465797,1,40,6,0,3,2,Yes
465804,0,68,1,0,1,1,Yes
465809,0,25,9,1,1,7,No
465811,1,28,2,1,1,4,No
465813,1,28,4,2,1,8,No
465818,1,27,8,1,1,3,No
465823,1,67,8,5,3,4,Yes
465826,1,46,3,4,1,9,Yes
465828,0,33,8,8,1,4,No
465829,0,40,5,6,3,3,Yes
465830,0,48,2,5,3,7,Yes
465831,1,42,3,0,5,5,Yes
465837,1,56,2,1,1,1,No
465841,0,51,1,3,1,1,No
465848,0,27,2,0,1,1,No
465849,0,25,5,7,1,3,No
465851,0,51,6,9,5,2,Yes
465853,0,26,2,3,3,2,Yes
465857,0,35,5,0,1,1,No
465860,0,25,5,1,1,3,No
465863,1,30,2,6,1,3,No
465865,0,41,2,9,1,1,No
465866,1,42,6,6,1,3,Yes
465867,0,40,6,8,5,5,Yes
465873,1,36,8,13,1,1,No
465875,0,39,6,9,1,1,No
465884,1,40,3,7,5,3,Yes
465893,0,40,1,1,3,2,Yes
465894,1,28,6,9,1,6,No
465907,0,31,4,8,1,2,No
465916,1,41,6,4,1,1,No
465923,0,28,1,9,1,5,No
465925,1,30,2,1,1,1,No
465927,0,30,2,1,1,1,No
465930,0,38,6,9,1,2,No
465931,1,43,6,7,1,1,Yes
465935,1,29,8,9,1,1,No
465937,0,30,2,9,1,3,No
465941,1,27,2,0,1,2,Yes
465948,0,48,6,0,3,2,Yes
465953,0,51,6,1,1,1,No
465957,0,48,4,0,1,1,No
465960,0,28,4,9,1,1,No
465961,0,40,6,3,1,1,No
465963,1,51,6,1,1,2,Yes
465965,0,36,4,8,1,2,Yes
465972,0,51,4,9,1,1,No
465974,1,45,3,5,5,4,Yes
465975,1,40,6,8,1,1,No
465976,1,40,6,0,1,1,No
465979,1,41,6,2,1,2,Yes
465982,1,43,8,0,3,4,Yes
465983,1,21,2,1,1,3,No
465996,1,23,2,1,1,4,No
465997,0,31,5,0,1,3,No
466001,0,42,8,6,1,2,Yes
466007,1,61,6,0,1,1,Yes
466017,0,45,9,0,1,1,Yes
466019,0,63,6,5,1,1,Yes
466020,1,86,7,0,1,1,Yes
466022,0,67,1,3,5,3,Yes
466023,1,71,3,3,5,3,Yes
466024,0,43,8,14,1,2,Yes
466032,1,28,8,3,1,2,No
466042,1,47,8,0,1,2,Yes
466043,0,53,6,0,3,4,Yes
466046,0,36,8,1,3,2,Yes
466058,1,35,8,1,1,2,Yes
466069,0,48,6,1,5,4,Yes
466071,0,60,6,3,1,3,Yes
466078,0,45,3,3,1,1,Yes
466079,0,42,1,0,1,2,Yes
466082,0,89,7,1,1,1,Yes
466083,0,23,4,4,1,2,No
466084,1,46,9,11,1,1,Yes
466085,1,22,2,8,1,4,No
466088,0,30,2,0,1,7,No
466090,1,58,8,0,1,2,Yes
466092,1,73,6,0,3,4,Yes
466099,0,71,7,0,1,1,Yes
466103,0,35,1,0,1,5,Yes
466109,1,52,8,1,3,4,Yes
466111,1,84,7,0,1,2,Yes
466114,1,47,8,1,3,5,Yes
466115,1,39,3,0,1,2,Yes
466118,0,40,1,0,1,3,Yes
466124,0,46,6,1,1,1,No
466128,1,40,6,3,1,2,No
466130,0,27,6,1,1,6,No
466132,0,23,2,4,1,4,No
466136,0,21,6,1,1,2,No
466138,1,70,7,2,5,2,Yes
466140,1,28,8,1,1,2,Yes
466141,0,58,9,1,1,4,Yes
466142,0,27,8,0,3,2,Yes
466143,0,49,1,0,3,5,Yes
466146,0,37,1,8,3,3,Yes
466148,1,39,8,1,3,4,Yes
466149,0,28,5,2,1,4,No
466153,1,73,8,0,3,2,Yes
466154,0,51,6,1,3,5,Yes
466156,0,48,5,8,3,3,Yes
466157,1,72,9,9,1,2,Yes
466161,1,47,6,1,3,2,Yes
466162,0,67,5,0,1,1,Yes
466166,1,77,7,0,5,2,Yes
466172,1,46,6,3,3,3,Yes
466178,0,52,6,1,3,4,Yes
466180,1,67,7,1,1,1,Yes
466185,1,62,5,0,3,4,Yes
466200,1,45,5,8,3,3,Yes
466201,1,40,5,1,3,5,Yes
466206,0,60,6,4,3,2,Yes
466207,0,37,5,8,3,4,Yes
466208,1,69,3,2,5,1,Yes
466210,0,58,6,1,5,4,Yes
466211,1,52,6,1,1,2,Yes
466213,1,20,2,2,1,5,No
466218,0,23,2,6,1,4,No
466223,1,66,6,0,1,1,Yes
466225,1,19,2,1,1,3,No
466226,0,53,6,0,3,5,Yes
466233,0,59,9,6,1,1,Yes
466235,0,61,6,0,3,4,Yes
466236,0,68,1,1,1,2,Yes
466238,1,20,2,1,1,3,No
466246,1,20,2,1,1,4,No
466247,0,49,6,0,1,4,No
466253,1,19,2,1,1,3,No
466257,0,27,2,1,1,4,No
466264,1,32,2,1,1,2,Yes
466268,0,67,6,0,3,3,Yes
466271,1,27,8,1,1,3,No
466274,1,72,3,0,1,2,Yes
466276,0,32,5,1,1,5,No
466278,0,28,2,0,1,2,No
466282,1,29,2,8,1,2,Yes
466285,0,19,2,1,1,5,No
466286,0,52,6,1,3,5,Yes
466287,0,47,5,1,3,2,Yes
466289,1,19,2,3,1,5,No
466290,0,18,2,5,1,2,No
466292,0,79,7,1,5,2,Yes
466297,0,19,2,1,1,4,No
466300,0,48,6,0,1,3,Yes
466301,1,52,6,1,3,3,Yes
466306,1,23,2,1,1,4,No
466313,0,58,6,1,1,1,Yes
466315,0,69,1,1,1,1,Yes
466317,1,37,8,4,1,1,Yes
466318,0,30,2,0,1,3,No
466319,0,25,2,0,1,4,No
466320,0,39,1,8,1,2,No
466321,1,43,8,3,1,2,Yes
466324,0,32,1,0,1,1,No
466326,1,23,2,0,1,5,No
466335,0,30,2,1,1,3,No
466337,0,41,1,1,1,2,Yes
466341,1,49,6,1,3,2,Yes
466347,1,66,3,6,1,3,Yes
466352,0,67,5,1,1,2,Yes
466355,1,30,2,0,1,2,No
466367,0,39,5,6,1,1,No
466370,0,52,6,0,1,4,No
466372,0,57,6,0,3,5,Yes
466373,1,63,3,1,5,1,Yes
466376,0,52,9,4,5,3,Yes
466377,1,61,2,8,3,2,Yes
466380,1,35,8,7,1,2,Yes
466381,1,52,6,4,3,2,Yes
466382,0,45,1,2,5,2,Yes
466387,1,37,8,8,3,2,Yes
466389,0,45,1,1,3,2,Yes
466391,0,55,1,0,3,2,Yes
466392,0,49,1,4,3,2,Yes
466393,0,42,8,1,1,6,Yes
466395,0,39,5,3,5,2,Yes
466397,1,18,2,0,1,3,No
466400,1,43,6,1,3,3,Yes
466401,1,50,3,1,3,4,Yes
466402,1,37,6,1,3,4,Yes
466404,0,37,1,1,1,1,No
466406,1,63,8,0,1,3,Yes
466408,1,83,7,1,1,2,Yes
466411,1,55,6,1,3,3,Yes
466414,1,71,6,1,1,3,Yes
466418,1,87,7,1,1,1,Yes
466419,0,49,8,2,3,5,Yes
466422,1,27,5,0,1,4,Yes
466427,0,25,4,1,1,4,Yes
466429,1,42,2,0,1,2,Yes
466443,0,66,6,4,1,2,Yes
466450,0,32,2,1,1,1,No
466455,0,32,5,4,1,2,Yes
466456,0,37,5,8,1,1,Yes
466457,0,62,7,9,1,5,Yes
466463,0,33,2,3,1,4,No
466464,0,45,9,2,3,2,Yes
466466,0,18,2,5,1,5,No
466467,0,37,6,0,3,3,Yes
466468,1,30,5,4,1,4,No
466474,1,31,8,5,1,3,No
466478,0,48,6,0,3,4,Yes
466483,1,31,2,3,1,1,No
466486,0,36,5,8,1,2,Yes
466488,1,61,8,0,3,6,Yes
466490,0,83,7,0,5,2,Yes
466493,1,77,7,1,5,2,Yes
466500,0,46,6,3,5,3,Yes
466501,1,48,1,0,3,3,Yes
466502,1,19,2,0,1,5,No
466516,1,21,2,1,1,3,No
466517,0,40,1,3,1,1,No
466526,1,27,2,0,1,5,No
466527,0,49,4,0,1,1,Yes
466530,1,19,2,1,1,4,No
466533,0,53,8,1,1,1,No
466535,1,29,6,8,1,1,No
466536,1,23,2,3,1,4,No
466538,1,84,7,1,5,2,Yes
466541,1,38,8,0,1,4,No
466543,1,26,5,11,1,2,No
466545,0,19,2,1,1,4,No
466550,0,22,2,1,1,4,No
466552,1,20,8,0,1,2,Yes
466553,1,36,2,0,1,3,Yes
466556,1,18,2,1,1,3,No
466562,0,20,2,7,1,4,No
466564,0,18,4,1,1,4,No
466565,1,32,6,7,3,2,Yes
466576,0,18,2,0,1,4,No
466586,1,18,2,0,1,2,No
466588,0,21,2,8,1,4,No
466596,0,75,6,1,5,2,Yes
466603,1,37,1,0,3,2,Yes
466606,0,35,1,1,1,3,Yes
466613,1,20,2,9,1,3,No
466623,1,58,8,2,3,4,Yes
466628,1,33,2,8,1,4,No
466631,1,58,6,0,1,3,Yes
466634,1,20,2,1,1,5,No
466635,1,50,6,4,3,2,Yes
466644,0,51,9,0,1,2,No
466650,0,27,2,8,1,3,No
466652,0,58,5,1,3,2,Yes
466655,1,62,3,1,1,2,Yes
466656,1,79,4,0,5,2,Yes
466658,0,19,2,1,1,4,No
466662,0,33,1,0,1,2,No
466665,1,36,6,1,3,2,Yes
466666,0,29,2,1,1,2,Yes
466671,0,28,2,3,1,3,No
466686,0,22,2,0,1,4,No
466687,1,21,2,1,1,3,No
466688,1,22,2,0,1,3,No
466689,1,28,6,9,1,3,No
466696,0,48,6,3,3,4,Yes
466704,1,48,5,3,3,2,Yes
466705,1,66,7,0,1,3,Yes
466707,0,47,9,1,1,4,Yes
466713,0,68,6,1,5,4,Yes
466718,1,73,3,0,5,2,Yes
466720,0,59,7,0,1,1,Yes
466721,1,38,5,7,3,2,Yes
466725,0,76,7,1,5,2,Yes
466731,0,40,1,3,1,2,Yes
466732,0,49,1,0,5,2,Yes
466733,0,33,9,0,1,2,No
466735,1,18,2,1,1,2,No
466746,0,69,7,0,5,2,Yes
466749,1,22,2,1,1,5,No
466750,0,18,2,0,1,3,No
466751,0,20,2,1,1,4,No
466752,1,36,2,1,1,1,Yes
466753,0,67,6,0,3,2,Yes
466754,0,37,6,1,3,3,Yes
466759,0,26,2,2,1,2,No
466760,1,51,5,1,3,4,Yes
466765,0,67,7,1,1,2,Yes
466769,0,29,8,1,1,4,No
466775,0,76,7,0,1,2,Yes
466776,1,86,7,0,1,1,Yes
466777,0,51,9,9,3,2,Yes
466778,1,35,8,1,1,2,Yes
466788,1,30,5,3,1,2,No
466790,1,47,5,0,3,2,Yes
466791,1,81,7,0,1,1,Yes
466792,0,85,7,0,1,1,Yes
466795,1,60,8,3,3,5,No
466799,0,21,2,2,1,3,No
466802,0,40,1,0,1,1,No
466804,0,35,9,4,1,1,No
466807,0,35,2,0,1,1,No
466808,0,41,1,1,1,1,No
466810,1,18,2,0,1,3,No
466811,1,22,2,0,1,2,No
466813,1,61,6,0,1,2,Yes
466814,1,23,2,0,1,3,No
466815,1,31,2,1,1,5,No
466816,1,82,7,0,5,2,Yes
466818,1,84,3,1,5,2,Yes
466826,1,41,8,1,1,2,Yes
466832,0,66,6,0,3,2,Yes
466833,1,57,6,5,1,2,Yes
466846,1,20,2,3,1,4,No
466863,0,32,9,14,1,1,No
466867,0,29,9,11,1,1,No
466871,1,36,3,3,5,4,Yes
466874,1,38,8,1,3,3,Yes
466884,0,43,5,1,1,1,Yes
466886,0,42,4,1,1,1,No
466891,0,48,9,8,1,1,Yes
466905,1,62,6,0,1,1,Yes
466906,1,63,6,0,1,2,No
466908,1,60,8,1,1,2,Yes
466909,1,63,6,1,1,2,Yes
466910,1,62,8,9,1,1,Yes
466917,1,40,3,4,1,2,Yes
466918,1,63,6,0,3,1,Yes
466920,1,19,2,6,1,4,No
466923,0,21,9,8,1,1,No
466926,1,21,2,1,1,2,No
466927,1,22,1,6,1,5,No
466936,1,60,7,1,5,3,Yes
466938,1,59,6,8,1,1,Yes
466939,1,73,7,1,5,2,Yes
466951,0,52,6,0,5,3,Yes
466954,0,66,5,9,3,2,Yes
466955,1,61,8,1,1,4,Yes
466956,0,61,6,1,1,1,Yes
466961,0,61,6,2,3,2,Yes
466966,1,59,8,1,3,2,Yes
466967,1,51,6,1,1,1,Yes
466970,0,36,9,9,1,2,Yes
466971,1,71,3,9,1,3,No
466975,1,48,6,1,3,2,Yes
466990,1,43,8,9,3,2,Yes
466996,0,36,6,9,1,1,No
466998,0,57,6,3,3,3,Yes
466999,1,33,2,1,1,3,No
467000,0,31,6,1,1,6,No
467008,1,57,6,1,3,3,Yes
467009,0,33,9,2,1,4,No
467022,1,30,6,1,1,5,No
467023,1,26,5,8,3,2,Yes
467025,0,29,1,1,1,3,No
467044,0,42,4,0,1,1,No
467046,0,30,5,0,1,5,No
467050,0,18,1,1,1,5,No
467053,1,18,2,5,1,4,No
467058,1,80,3,0,5,2,Yes
467060,1,35,1,7,1,2,No
467063,1,45,8,1,3,2,Yes
467073,1,42,1,8,1,1,No
467078,0,26,2,3,5,2,Yes
467079,1,38,6,1,1,2,Yes
467084,1,41,6,1,3,7,Yes
467085,1,45,8,1,1,2,No
467088,1,57,6,1,1,1,Yes
467092,0,33,2,5,1,4,No
467093,0,51,6,8,3,2,Yes
467098,1,85,3,1,1,2,Yes
467099,0,30,8,0,1,3,No
467107,1,38,1,1,3,3,Yes
467111,1,66,6,1,1,1,Yes
467112,1,40,6,0,1,2,No
467113,1,83,7,3,1,1,Yes
467114,1,61,4,1,3,3,Yes
467116,1,65,3,1,5,2,Yes
467119,1,37,4,0,5,4,Yes
467121,1,47,5,0,1,2,Yes
467125,1,51,8,1,3,4,Yes
467127,1,73,7,3,1,1,Yes
467129,0,49,4,1,3,3,No
467132,0,73,1,0,1,2,Yes
467136,1,37,8,1,3,4,Yes
467137,0,55,1,0,1,1,Yes
467138,0,32,9,12,1,1,No
467139,0,28,6,0,1,3,No
467143,0,50,7,0,1,3,No
467144,1,38,8,1,1,2,Yes
467146,0,28,9,8,1,1,No
467147,1,46,8,1,1,1,No
467153,0,47,6,0,1,2,Yes
467157,1,39,3,8,5,6,Yes
467158,0,26,2,1,1,2,No
467159,0,37,9,9,5,2,Yes
467160,1,43,2,1,3,2,Yes
467165,0,27,9,3,1,1,No
467167,1,69,6,1,3,2,Yes
467168,1,47,6,9,3,2,Yes
467172,1,36,6,9,1,2,No
467180,1,43,2,1,1,3,Yes
467183,1,42,8,3,3,4,Yes
467185,1,29,6,0,1,3,No
467189,0,45,6,1,5,4,Yes
467193,1,88,6,1,1,2,Yes
467201,0,33,1,3,1,5,No
467202,1,18,5,0,1,4,Yes
467208,0,41,9,3,5,2,Yes
467212,0,28,5,1,1,3,No
467216,0,30,8,0,1,1,No
467217,0,79,7,3,5,2,Yes
467218,0,27,6,8,1,1,No
467223,0,53,1,0,3,4,Yes
467227,0,43,6,14,1,1,No
467230,1,19,2,1,1,4,No
467232,1,26,8,1,1,2,No
467233,0,67,6,1,1,2,No
467235,0,32,6,1,1,2,No
467238,0,26,5,7,1,4,No
467239,0,29,1,0,1,3,No
467241,0,33,6,9,1,1,No
467242,1,22,5,0,1,3,No
467247,0,27,1,0,1,2,No
467256,1,30,2,1,1,4,No
467260,1,25,5,8,1,4,No
467263,0,32,4,3,1,1,No
467268,1,85,7,3,1,1,Yes
467275,1,29,2,3,1,2,No
467281,1,56,7,0,1,4,Yes
467283,1,52,6,0,3,3,Yes
467288,0,25,2,3,1,5,No
467296,0,65,6,3,3,2,Yes
467300,0,49,6,1,1,1,Yes
467301,0,73,7,1,1,2,Yes
467303,1,36,5,2,3,2,Yes
467309,0,36,1,4,1,1,No
467311,1,71,7,1,5,3,Yes
467312,0,55,6,0,1,2,Yes
467313,1,35,8,1,3,2,Yes
467314,1,41,6,0,3,2,Yes
467317,1,42,6,1,1,1,No
467318,1,35,5,3,1,2,Yes
467322,0,48,6,1,3,2,Yes
467325,0,73,7,1,5,2,Yes
467329,0,40,5,1,1,1,No
467338,0,29,2,3,1,6,No
467339,1,62,6,1,3,3,No
467344,1,89,7,0,1,2,Yes
467345,1,86,7,0,1,1,Yes
467346,1,38,6,0,3,3,Yes
467352,1,45,3,0,5,4,Yes
467355,1,26,2,0,1,4,No
467357,1,55,2,1,1,2,Yes
467358,0,52,6,1,3,5,Yes
467359,1,43,6,5,3,2,Yes
467365,1,35,6,1,1,1,No
467367,1,73,7,1,1,2,Yes
467369,1,41,6,4,1,3,No
467373,1,27,2,3,1,1,No
467375,1,35,8,6,1,3,Yes
467378,0,63,6,0,3,2,Yes
467384,1,41,2,3,1,1,No
467385,1,53,6,1,1,2,No
467389,1,42,1,0,1,2,No
467393,0,46,6,0,3,4,Yes
467398,1,38,8,0,1,2,Yes
467399,1,25,5,1,1,3,Yes
467403,0,40,6,7,3,3,Yes
467410,0,55,7,1,1,2,Yes
467415,0,29,2,0,1,1,No
467419,0,39,6,2,1,1,Yes
467421,1,50,5,1,3,3,Yes
467422,0,61,6,1,3,2,Yes
467423,1,56,6,0,1,1,Yes
467434,1,40,8,1,1,3,No
467437,0,86,7,0,5,2,Yes
467438,1,27,8,5,1,3,No
467441,1,35,6,3,1,1,No
467442,1,56,6,3,3,2,Yes
467444,0,36,6,3,1,2,Yes
467445,1,32,5,9,1,2,Yes
467449,0,85,7,1,1,2,Yes
467451,0,51,6,0,1,1,Yes
467455,0,41,6,8,1,2,No
467456,1,42,3,5,5,4,Yes
467457,0,30,4,0,1,6,No
467459,1,42,3,3,5,5,Yes
467463,0,42,6,9,3,3,Yes
467468,0,25,2,3,1,5,No
467472,1,60,3,4,5,4,Yes
467474,1,18,2,2,1,5,No
467479,1,36,3,0,3,4,Yes
467481,1,49,6,0,3,2,Yes
467482,1,42,3,1,5,3,Yes
467487,1,42,6,1,3,5,Yes
467488,0,39,8,3,3,2,Yes
467492,0,62,5,1,1,2,Yes
467493,1,47,3,0,5,4,Yes
467499,1,39,6,3,1,3,Yes
467500,0,25,6,3,5,2,Yes
467503,0,27,6,1,1,4,No
467504,0,31,5,0,1,4,No
467505,1,36,6,0,1,4,Yes
467510,1,51,8,3,1,3,Yes
467511,1,63,8,3,1,1,Yes
467514,1,40,6,3,1,4,No
467518,1,22,5,1,1,2,No
467532,1,52,6,9,1,1,Yes
467533,1,89,7,4,1,1,Yes
467537,0,65,7,3,5,3,Yes
467539,1,48,6,3,3,4,Yes
467540,1,48,2,1,3,4,Yes
467542,1,31,2,8,1,1,No
467557,0,62,6,3,3,2,Yes
467559,1,58,3,0,3,4,Yes
467565,1,60,6,0,1,3,Yes
467569,1,19,2,3,1,4,No
467570,1,18,2,14,1,2,No
467576,1,48,5,1,3,3,Yes
467579,1,35,5,5,1,1,No
467580,1,27,5,3,1,3,No
467588,1,60,6,0,3,4,Yes
467589,1,32,8,0,1,1,No
467592,1,40,8,7,1,2,Yes
467595,0,25,2,0,1,1,No
467596,1,42,6,1,1,5,Yes
467604,1,26,2,8,1,8,No
467608,1,27,1,6,1,1,No
467609,1,42,6,2,1,4,No
467610,0,77,7,4,1,1,Yes
467612,1,70,3,0,1,2,Yes
467614,1,36,6,4,3,2,Yes
467620,1,57,7,6,1,3,Yes
467621,1,76,7,1,1,1,Yes
467623,1,77,2,0,5,2,Yes
467629,1,52,6,1,1,1,Yes
467635,0,35,6,9,1,1,No
467641,1,43,5,9,3,2,Yes
467643,1,43,6,14,1,1,No
467654,0,62,6,3,5,4,Yes
467657,1,21,2,0,1,4,No
467658,1,23,2,0,1,4,No
467659,1,65,8,0,3,2,Yes
467664,1,35,3,4,5,4,Yes
467666,1,48,3,4,5,3,Yes
467667,1,33,5,9,1,2,Yes
467669,1,82,7,1,5,2,Yes
467673,1,45,3,1,5,4,Yes
467678,1,56,4,1,1,2,No
467679,0,49,6,3,3,4,Yes
467683,1,30,2,8,5,3,Yes
467684,1,37,2,8,1,3,No
467685,1,51,4,0,5,6,Yes
467693,1,59,8,5,5,5,Yes
467694,1,56,3,0,5,2,Yes
467699,0,29,5,0,3,2,Yes
467705,1,31,6,3,1,2,Yes
467706,0,35,6,3,3,4,Yes
467707,1,89,7,7,5,2,Yes
467710,0,38,6,9,1,4,No
467715,1,45,3,4,5,3,Yes
467721,1,37,8,0,1,1,No
467723,1,74,3,1,1,7,Yes
467726,1,82,7,0,5,2,Yes
467727,1,53,6,7,5,4,Yes
467728,0,43,1,0,5,5,Yes
467729,1,62,8,2,3,6,Yes
467733,1,56,3,8,5,3,Yes
467734,1,88,7,3,5,2,Yes
467735,1,28,5,0,1,2,No
467737,0,51,8,5,3,2,Yes
467739,0,60,6,0,3,4,Yes
467740,1,19,2,0,1,3,No
467741,1,23,2,1,1,3,No
467749,1,20,2,0,1,9,No
467763,0,50,6,1,1,1,No
467767,0,21,4,4,1,4,No
467768,1,62,5,0,3,2,Yes
467769,0,36,5,1,1,1,No
467772,0,31,4,0,1,2,No
467779,1,52,5,4,3,3,Yes
467789,1,20,2,1,1,5,No
467798,0,23,2,3,1,2,No
467802,0,48,6,1,5,5,Yes
467803,0,40,8,6,3,2,Yes
467806,1,55,6,1,5,2,Yes
467808,0,62,6,1,3,2,Yes
467812,1,48,6,0,1,1,No
467813,1,36,8,1,1,2,Yes
467815,0,73,6,0,1,2,Yes
467825,0,23,4,0,1,8,No
467828,0,25,6,0,3,2,Yes
467838,1,60,6,0,3,2,Yes
467848,1,37,6,14,1,1,No
467849,0,39,5,0,1,1,Yes
467852,0,39,6,12,1,1,No
467856,1,58,6,0,1,2,Yes
467860,0,33,8,0,1,1,No
467861,0,29,6,3,1,4,No
467864,0,66,7,1,5,2,Yes
467865,0,40,6,2,1,1,No
467868,0,66,8,0,5,2,Yes
467876,0,50,6,9,5,2,Yes
467879,0,51,6,3,5,4,Yes
467880,0,50,6,0,3,2,Yes
467882,0,39,6,1,1,1,No
467883,0,46,6,0,3,2,Yes
467888,1,29,5,0,1,4,No
467891,0,29,5,0,1,5,No
467892,1,23,5,1,1,5,No
467894,1,57,6,1,3,2,Yes
467895,0,31,2,1,1,4,No
467898,0,69,6,1,1,1,Yes
467901,0,28,8,0,1,4,No
467904,0,31,6,14,1,1,No
467905,1,37,3,0,5,3,Yes
467911,1,58,2,0,1,4,Yes
467913,1,48,6,3,1,1,Yes
467915,0,18,5,1,1,4,No
467917,0,27,2,2,1,4,No
467927,1,30,5,8,1,6,No
467929,0,36,6,1,3,2,Yes
467930,1,45,8,4,3,2,Yes
467932,0,26,2,1,1,4,No
467933,0,23,2,0,1,3,No
467934,0,42,6,0,1,1,No
467938,1,46,8,5,1,1,Yes
467940,0,27,4,8,1,4,No
467946,0,42,6,0,1,2,Yes
467948,0,19,2,0,1,3,No
467949,1,21,2,1,1,4,No
467950,0,35,8,1,1,2,No
467954,1,29,2,9,1,4,No
467958,0,35,5,1,1,1,No
467960,0,53,8,3,1,2,No
467961,1,47,3,1,5,5,Yes
467968,0,43,2,9,1,3,No
